id_26_2,registry_name,options_type,override_limiter,java_provider_registration,java_provider_line,java_behavior_visual_evidence,rust_receive_codec_translation,rust_spawn_tick_behavior,rust_render_assets_specials,natural_or_event_sources_and_dependencies,validation_status_notes
0,angry_villager,simple,false,HeartParticle.AngryVillagerProvider::new,ParticleResources.java:58,未調査（登録先のprovider実装・sprite・tickをJavaソースで個別追跡する）,未調査（handler/translateの種別・option codecと接続版境界を照合）,未調査（provider初期化・寿命・運動・衝突・追跡/emitterを確認）,未調査（asset・animation・light/color・render group・特殊描画を確認）,未調査（Java発生元とRustの状態所有元を特定。自然発生元なしも根拠必須）,未着手。登録名/ID/options/provider登録のみ初期照合済み。対応済みを意味しない。
1,block,block,false,new TerrainParticle.Provider(),ParticleResources.java:60,未調査（登録先のprovider実装・sprite・tickをJavaソースで個別追跡する）,未調査（handler/translateの種別・option codecと接続版境界を照合）,未調査（provider初期化・寿命・運動・衝突・追跡/emitterを確認）,未調査（asset・animation・light/color・render group・特殊描画を確認）,未調査（Java発生元とRustの状態所有元を特定。自然発生元なしも根拠必須）,未着手。登録名/ID/options/provider登録のみ初期照合済み。対応済みを意味しない。
2,block_marker,block,true,new BlockMarker.Provider(),ParticleResources.java:59,未調査（登録先のprovider実装・sprite・tickをJavaソースで個別追跡する）,未調査（handler/translateの種別・option codecと接続版境界を照合）,未調査（provider初期化・寿命・運動・衝突・追跡/emitterを確認）,未調査（asset・animation・light/color・render group・特殊描画を確認）,未調査（Java発生元とRustの状態所有元を特定。自然発生元なしも根拠必須）,未着手。登録名/ID/options/provider登録のみ初期照合済み。対応済みを意味しない。
3,bubble,simple,false,BubbleParticle.Provider::new,ParticleResources.java:61,未調査（登録先のprovider実装・sprite・tickをJavaソースで個別追跡する）,未調査（handler/translateの種別・option codecと接続版境界を照合）,未調査（provider初期化・寿命・運動・衝突・追跡/emitterを確認）,未調査（asset・animation・light/color・render group・特殊描画を確認）,未調査（Java発生元とRustの状態所有元を特定。自然発生元なしも根拠必須）,未着手。登録名/ID/options/provider登録のみ初期照合済み。対応済みを意味しない。
4,sulfur_bubbles,simple,false,SulfurBubbleParticle.Provider::new,ParticleResources.java:64,未調査（登録先のprovider実装・sprite・tickをJavaソースで個別追跡する）,未調査（handler/translateの種別・option codecと接続版境界を照合）,未調査（provider初期化・寿命・運動・衝突・追跡/emitterを確認）,未調査（asset・animation・light/color・render group・特殊描画を確認）,未調査（Java発生元とRustの状態所有元を特定。自然発生元なしも根拠必須）,未着手。登録名/ID/options/provider登録のみ初期照合済み。対応済みを意味しない。
5,noxious_gas,simple,false,NoxiousGasParticle.Provider::new,ParticleResources.java:65,未調査（登録先のprovider実装・sprite・tickをJavaソースで個別追跡する）,未調査（handler/translateの種別・option codecと接続版境界を照合）,未調査（provider初期化・寿命・運動・衝突・追跡/emitterを確認）,未調査（asset・animation・light/color・render group・特殊描画を確認）,未調査（Java発生元とRustの状態所有元を特定。自然発生元なしも根拠必須）,未着手。登録名/ID/options/provider登録のみ初期照合済み。対応済みを意味しない。
6,noxious_gas_cloud,simple,false,new NoxiousGasCloudParticle.Provider(),ParticleResources.java:66,未調査（登録先のprovider実装・sprite・tickをJavaソースで個別追跡する）,未調査（handler/translateの種別・option codecと接続版境界を照合）,未調査（provider初期化・寿命・運動・衝突・追跡/emitterを確認）,未調査（asset・animation・light/color・render group・特殊描画を確認）,未調査（Java発生元とRustの状態所有元を特定。自然発生元なしも根拠必須）,未着手。登録名/ID/options/provider登録のみ初期照合済み。対応済みを意味しない。
7,geyser,geyser,true,new GeyserEruptionParticle.Provider(),ParticleResources.java:67,未調査（登録先のprovider実装・sprite・tickをJavaソースで個別追跡する）,未調査（handler/translateの種別・option codecと接続版境界を照合）,未調査（provider初期化・寿命・運動・衝突・追跡/emitterを確認）,未調査（asset・animation・light/color・render group・特殊描画を確認）,未調査（Java発生元とRustの状態所有元を特定。自然発生元なしも根拠必須）,未着手。登録名/ID/options/provider登録のみ初期照合済み。対応済みを意味しない。
8,geyser_base,geyser_base,true,GeyserBaseParticle.Provider::new,ParticleResources.java:68,未調査（登録先のprovider実装・sprite・tickをJavaソースで個別追跡する）,未調査（handler/translateの種別・option codecと接続版境界を照合）,未調査（provider初期化・寿命・運動・衝突・追跡/emitterを確認）,未調査（asset・animation・light/color・render group・特殊描画を確認）,未調査（Java発生元とRustの状態所有元を特定。自然発生元なしも根拠必須）,未着手。登録名/ID/options/provider登録のみ初期照合済み。対応済みを意味しない。
9,geyser_poof,geyser_base,true,GeyserBaseParticle.Provider::new,ParticleResources.java:69,未調査（登録先のprovider実装・sprite・tickをJavaソースで個別追跡する）,未調査（handler/translateの種別・option codecと接続版境界を照合）,未調査（provider初期化・寿命・運動・衝突・追跡/emitterを確認）,未調査（asset・animation・light/color・render group・特殊描画を確認）,未調査（Java発生元とRustの状態所有元を特定。自然発生元なしも根拠必須）,未着手。登録名/ID/options/provider登録のみ初期照合済み。対応済みを意味しない。
10,geyser_plume,geyser,true,GeyserPlumeParticle.Provider::new,ParticleResources.java:70,未調査（登録先のprovider実装・sprite・tickをJavaソースで個別追跡する）,未調査（handler/translateの種別・option codecと接続版境界を照合）,未調査（provider初期化・寿命・運動・衝突・追跡/emitterを確認）,未調査（asset・animation・light/color・render group・特殊描画を確認）,未調査（Java発生元とRustの状態所有元を特定。自然発生元なしも根拠必須）,未着手。登録名/ID/options/provider登録のみ初期照合済み。対応済みを意味しない。
11,cloud,simple,false,PlayerCloudParticle.Provider::new,ParticleResources.java:73,未調査（登録先のprovider実装・sprite・tickをJavaソースで個別追跡する）,未調査（handler/translateの種別・option codecと接続版境界を照合）,未調査（provider初期化・寿命・運動・衝突・追跡/emitterを確認）,未調査（asset・animation・light/color・render group・特殊描画を確認）,未調査（Java発生元とRustの状態所有元を特定。自然発生元なしも根拠必須）,未着手。登録名/ID/options/provider登録のみ初期照合済み。対応済みを意味しない。
12,copper_fire_flame,simple,false,FlameParticle.Provider::new,ParticleResources.java:75,未調査（登録先のprovider実装・sprite・tickをJavaソースで個別追跡する）,未調査（handler/translateの種別・option codecと接続版境界を照合）,未調査（provider初期化・寿命・運動・衝突・追跡/emitterを確認）,未調査（asset・animation・light/color・render group・特殊描画を確認）,未調査（Java発生元とRustの状態所有元を特定。自然発生元なしも根拠必須）,未着手。登録名/ID/options/provider登録のみ初期照合済み。対応済みを意味しない。
13,crit,simple,false,CritParticle.Provider::new,ParticleResources.java:76,未調査（登録先のprovider実装・sprite・tickをJavaソースで個別追跡する）,未調査（handler/translateの種別・option codecと接続版境界を照合）,未調査（provider初期化・寿命・運動・衝突・追跡/emitterを確認）,未調査（asset・animation・light/color・render group・特殊描画を確認）,未調査（Java発生元とRustの状態所有元を特定。自然発生元なしも根拠必須）,未着手。登録名/ID/options/provider登録のみ初期照合済み。対応済みを意味しない。
14,damage_indicator,simple,true,CritParticle.DamageIndicatorProvider::new,ParticleResources.java:78,未調査（登録先のprovider実装・sprite・tickをJavaソースで個別追跡する）,未調査（handler/translateの種別・option codecと接続版境界を照合）,未調査（provider初期化・寿命・運動・衝突・追跡/emitterを確認）,未調査（asset・animation・light/color・render group・特殊描画を確認）,未調査（Java発生元とRustの状態所有元を特定。自然発生元なしも根拠必須）,未着手。登録名/ID/options/provider登録のみ初期照合済み。対応済みを意味しない。
15,dragon_breath,power,false,DragonBreathParticle.Provider::new,ParticleResources.java:79,未調査（登録先のprovider実装・sprite・tickをJavaソースで個別追跡する）,未調査（handler/translateの種別・option codecと接続版境界を照合）,未調査（provider初期化・寿命・運動・衝突・追跡/emitterを確認）,未調査（asset・animation・light/color・render group・特殊描画を確認）,未調査（Java発生元とRustの状態所有元を特定。自然発生元なしも根拠必須）,未着手。登録名/ID/options/provider登録のみ初期照合済み。対応済みを意味しない。
16,dripping_lava,simple,false,DripParticle.LavaHangProvider::new,ParticleResources.java:81,未調査（登録先のprovider実装・sprite・tickをJavaソースで個別追跡する）,未調査（handler/translateの種別・option codecと接続版境界を照合）,未調査（provider初期化・寿命・運動・衝突・追跡/emitterを確認）,未調査（asset・animation・light/color・render group・特殊描画を確認）,未調査（Java発生元とRustの状態所有元を特定。自然発生元なしも根拠必須）,未着手。登録名/ID/options/provider登録のみ初期照合済み。対応済みを意味しない。
17,falling_lava,simple,false,DripParticle.LavaFallProvider::new,ParticleResources.java:82,未調査（登録先のprovider実装・sprite・tickをJavaソースで個別追跡する）,未調査（handler/translateの種別・option codecと接続版境界を照合）,未調査（provider初期化・寿命・運動・衝突・追跡/emitterを確認）,未調査（asset・animation・light/color・render group・特殊描画を確認）,未調査（Java発生元とRustの状態所有元を特定。自然発生元なしも根拠必須）,未着手。登録名/ID/options/provider登録のみ初期照合済み。対応済みを意味しない。
18,landing_lava,simple,false,DripParticle.LavaLandProvider::new,ParticleResources.java:83,未調査（登録先のprovider実装・sprite・tickをJavaソースで個別追跡する）,未調査（handler/translateの種別・option codecと接続版境界を照合）,未調査（provider初期化・寿命・運動・衝突・追跡/emitterを確認）,未調査（asset・animation・light/color・render group・特殊描画を確認）,未調査（Java発生元とRustの状態所有元を特定。自然発生元なしも根拠必須）,未着手。登録名/ID/options/provider登録のみ初期照合済み。対応済みを意味しない。
19,dripping_water,simple,false,DripParticle.WaterHangProvider::new,ParticleResources.java:84,未調査（登録先のprovider実装・sprite・tickをJavaソースで個別追跡する）,未調査（handler/translateの種別・option codecと接続版境界を照合）,未調査（provider初期化・寿命・運動・衝突・追跡/emitterを確認）,未調査（asset・animation・light/color・render group・特殊描画を確認）,未調査（Java発生元とRustの状態所有元を特定。自然発生元なしも根拠必須）,未着手。登録名/ID/options/provider登録のみ初期照合済み。対応済みを意味しない。
20,falling_water,simple,false,DripParticle.WaterFallProvider::new,ParticleResources.java:85,未調査（登録先のprovider実装・sprite・tickをJavaソースで個別追跡する）,未調査（handler/translateの種別・option codecと接続版境界を照合）,未調査（provider初期化・寿命・運動・衝突・追跡/emitterを確認）,未調査（asset・animation・light/color・render group・特殊描画を確認）,未調査（Java発生元とRustの状態所有元を特定。自然発生元なしも根拠必須）,未着手。登録名/ID/options/provider登録のみ初期照合済み。対応済みを意味しない。
21,dust,dust,false,DustParticle.Provider::new,ParticleResources.java:86,未調査（登録先のprovider実装・sprite・tickをJavaソースで個別追跡する）,未調査（handler/translateの種別・option codecと接続版境界を照合）,未調査（provider初期化・寿命・運動・衝突・追跡/emitterを確認）,未調査（asset・animation・light/color・render group・特殊描画を確認）,未調査（Java発生元とRustの状態所有元を特定。自然発生元なしも根拠必須）,未着手。登録名/ID/options/provider登録のみ初期照合済み。対応済みを意味しない。
22,dust_color_transition,dust_color_transition,false,DustColorTransitionParticle.Provider::new,ParticleResources.java:87,未調査（登録先のprovider実装・sprite・tickをJavaソースで個別追跡する）,未調査（handler/translateの種別・option codecと接続版境界を照合）,"Partial provider added in pomme-client/src/particle.rs: Particle::dust_with_transition; dust physics/lifetime initialized by shared DustParticleBase-equivalent path, packed from/to colors randomized with one shared base factor, opaque dust size/light/collision tick retained. Tested by particle::tests::dust_color_transition_packet_constructs_transition_particle and dust_color_transition_uses_java_lifetime_plus_one_interpolation. Other kinds remain unimplemented.",Uses particle/dust route currently; per-kind descriptor-frame routing not yet integrated. Java DustColorTransitionParticle provider confirmed in ParticleResources.java:87 and DustColorTransitionParticle.java; asset/sprite reload parity remains unverified.,未調査（Java発生元とRustの状態所有元を特定。自然発生元なしも根拠必須）,未着手。登録名/ID/options/provider登録のみ初期照合済み。対応済みを意味しない。
23,effect,spell,false,SpellParticle.InstantProvider::new,ParticleResources.java:88,未調査（登録先のprovider実装・sprite・tickをJavaソースで個別追跡する）,未調査（handler/translateの種別・option codecと接続版境界を照合）,未調査（provider初期化・寿命・運動・衝突・追跡/emitterを確認）,未調査（asset・animation・light/color・render group・特殊描画を確認）,未調査（Java発生元とRustの状態所有元を特定。自然発生元なしも根拠必須）,未着手。登録名/ID/options/provider登録のみ初期照合済み。対応済みを意味しない。
24,elder_guardian,simple,true,new ElderGuardianParticle.Provider(),ParticleResources.java:89,未調査（登録先のprovider実装・sprite・tickをJavaソースで個別追跡する）,未調査（handler/translateの種別・option codecと接続版境界を照合）,未調査（provider初期化・寿命・運動・衝突・追跡/emitterを確認）,未調査（asset・animation・light/color・render group・特殊描画を確認）,未調査（Java発生元とRustの状態所有元を特定。自然発生元なしも根拠必須）,未着手。登録名/ID/options/provider登録のみ初期照合済み。対応済みを意味しない。
25,enchanted_hit,simple,false,CritParticle.MagicProvider::new,ParticleResources.java:90,未調査（登録先のprovider実装・sprite・tickをJavaソースで個別追跡する）,未調査（handler/translateの種別・option codecと接続版境界を照合）,未調査（provider初期化・寿命・運動・衝突・追跡/emitterを確認）,未調査（asset・animation・light/color・render group・特殊描画を確認）,未調査（Java発生元とRustの状態所有元を特定。自然発生元なしも根拠必須）,未着手。登録名/ID/options/provider登録のみ初期照合済み。対応済みを意味しない。
26,enchant,simple,false,FlyTowardsPositionParticle.EnchantProvider::new,ParticleResources.java:91,未調査（登録先のprovider実装・sprite・tickをJavaソースで個別追跡する）,未調査（handler/translateの種別・option codecと接続版境界を照合）,未調査（provider初期化・寿命・運動・衝突・追跡/emitterを確認）,未調査（asset・animation・light/color・render group・特殊描画を確認）,未調査（Java発生元とRustの状態所有元を特定。自然発生元なしも根拠必須）,未着手。登録名/ID/options/provider登録のみ初期照合済み。対応済みを意味しない。
27,end_rod,simple,false,EndRodParticle.Provider::new,ParticleResources.java:92,未調査（登録先のprovider実装・sprite・tickをJavaソースで個別追跡する）,未調査（handler/translateの種別・option codecと接続版境界を照合）,未調査（provider初期化・寿命・運動・衝突・追跡/emitterを確認）,未調査（asset・animation・light/color・render group・特殊描画を確認）,未調査（Java発生元とRustの状態所有元を特定。自然発生元なしも根拠必須）,未着手。登録名/ID/options/provider登録のみ初期照合済み。対応済みを意味しない。
28,entity_effect,color,false,SpellParticle.MobEffectProvider::new,ParticleResources.java:93,未調査（登録先のprovider実装・sprite・tickをJavaソースで個別追跡する）,未調査（handler/translateの種別・option codecと接続版境界を照合）,未調査（provider初期化・寿命・運動・衝突・追跡/emitterを確認）,未調査（asset・animation・light/color・render group・特殊描画を確認）,未調査（Java発生元とRustの状態所有元を特定。自然発生元なしも根拠必須）,未着手。登録名/ID/options/provider登録のみ初期照合済み。対応済みを意味しない。
29,explosion_emitter,simple,true,new HugeExplosionSeedParticle.Provider(),ParticleResources.java:94,未調査（登録先のprovider実装・sprite・tickをJavaソースで個別追跡する）,未調査（handler/translateの種別・option codecと接続版境界を照合）,未調査（provider初期化・寿命・運動・衝突・追跡/emitterを確認）,未調査（asset・animation・light/color・render group・特殊描画を確認）,未調査（Java発生元とRustの状態所有元を特定。自然発生元なしも根拠必須）,未着手。登録名/ID/options/provider登録のみ初期照合済み。対応済みを意味しない。
30,explosion,simple,true,HugeExplosionParticle.Provider::new,ParticleResources.java:95,未調査（登録先のprovider実装・sprite・tickをJavaソースで個別追跡する）,未調査（handler/translateの種別・option codecと接続版境界を照合）,未調査（provider初期化・寿命・運動・衝突・追跡/emitterを確認）,未調査（asset・animation・light/color・render group・特殊描画を確認）,未調査（Java発生元とRustの状態所有元を特定。自然発生元なしも根拠必須）,未着手。登録名/ID/options/provider登録のみ初期照合済み。対応済みを意味しない。
31,gust,simple,true,GustParticle.Provider::new,ParticleResources.java:98,未調査（登録先のprovider実装・sprite・tickをJavaソースで個別追跡する）,未調査（handler/translateの種別・option codecと接続版境界を照合）,未調査（provider初期化・寿命・運動・衝突・追跡/emitterを確認）,未調査（asset・animation・light/color・render group・特殊描画を確認）,未調査（Java発生元とRustの状態所有元を特定。自然発生元なしも根拠必須）,未着手。登録名/ID/options/provider登録のみ初期照合済み。対応済みを意味しない。
32,small_gust,simple,false,GustParticle.SmallProvider::new,ParticleResources.java:99,未調査（登録先のprovider実装・sprite・tickをJavaソースで個別追跡する）,未調査（handler/translateの種別・option codecと接続版境界を照合）,未調査（provider初期化・寿命・運動・衝突・追跡/emitterを確認）,未調査（asset・animation・light/color・render group・特殊描画を確認）,未調査（Java発生元とRustの状態所有元を特定。自然発生元なしも根拠必須）,未着手。登録名/ID/options/provider登録のみ初期照合済み。対応済みを意味しない。
33,gust_emitter_large,simple,true,"new GustSeedParticle.Provider(3.0, 7, 0)",ParticleResources.java:100,未調査（登録先のprovider実装・sprite・tickをJavaソースで個別追跡する）,未調査（handler/translateの種別・option codecと接続版境界を照合）,未調査（provider初期化・寿命・運動・衝突・追跡/emitterを確認）,未調査（asset・animation・light/color・render group・特殊描画を確認）,未調査（Java発生元とRustの状態所有元を特定。自然発生元なしも根拠必須）,未着手。登録名/ID/options/provider登録のみ初期照合済み。対応済みを意味しない。
34,gust_emitter_small,simple,true,"new GustSeedParticle.Provider(1.0, 3, 2)",ParticleResources.java:101,未調査（登録先のprovider実装・sprite・tickをJavaソースで個別追跡する）,未調査（handler/translateの種別・option codecと接続版境界を照合）,未調査（provider初期化・寿命・運動・衝突・追跡/emitterを確認）,未調査（asset・animation・light/color・render group・特殊描画を確認）,未調査（Java発生元とRustの状態所有元を特定。自然発生元なしも根拠必須）,未着手。登録名/ID/options/provider登録のみ初期照合済み。対応済みを意味しない。
35,sonic_boom,simple,true,SonicBoomParticle.Provider::new,ParticleResources.java:96,未調査（登録先のprovider実装・sprite・tickをJavaソースで個別追跡する）,未調査（handler/translateの種別・option codecと接続版境界を照合）,未調査（provider初期化・寿命・運動・衝突・追跡/emitterを確認）,未調査（asset・animation・light/color・render group・特殊描画を確認）,未調査（Java発生元とRustの状態所有元を特定。自然発生元なしも根拠必須）,未着手。登録名/ID/options/provider登録のみ初期照合済み。対応済みを意味しない。
36,falling_dust,block,false,FallingDustParticle.Provider::new,ParticleResources.java:97,未調査（登録先のprovider実装・sprite・tickをJavaソースで個別追跡する）,未調査（handler/translateの種別・option codecと接続版境界を照合）,未調査（provider初期化・寿命・運動・衝突・追跡/emitterを確認）,未調査（asset・animation・light/color・render group・特殊描画を確認）,未調査（Java発生元とRustの状態所有元を特定。自然発生元なしも根拠必須）,未着手。登録名/ID/options/provider登録のみ初期照合済み。対応済みを意味しない。
37,firework,simple,false,FireworkParticles.SparkProvider::new,ParticleResources.java:102,未調査（登録先のprovider実装・sprite・tickをJavaソースで個別追跡する）,未調査（handler/translateの種別・option codecと接続版境界を照合）,未調査（provider初期化・寿命・運動・衝突・追跡/emitterを確認）,未調査（asset・animation・light/color・render group・特殊描画を確認）,未調査（Java発生元とRustの状態所有元を特定。自然発生元なしも根拠必須）,未着手。登録名/ID/options/provider登録のみ初期照合済み。対応済みを意味しない。
38,fishing,simple,false,WakeParticle.Provider::new,ParticleResources.java:103,未調査（登録先のprovider実装・sprite・tickをJavaソースで個別追跡する）,未調査（handler/translateの種別・option codecと接続版境界を照合）,未調査（provider初期化・寿命・運動・衝突・追跡/emitterを確認）,未調査（asset・animation・light/color・render group・特殊描画を確認）,未調査（Java発生元とRustの状態所有元を特定。自然発生元なしも根拠必須）,未着手。登録名/ID/options/provider登録のみ初期照合済み。対応済みを意味しない。
39,flame,simple,false,FlameParticle.Provider::new,ParticleResources.java:104,未調査（登録先のprovider実装・sprite・tickをJavaソースで個別追跡する）,未調査（handler/translateの種別・option codecと接続版境界を照合）,未調査（provider初期化・寿命・運動・衝突・追跡/emitterを確認）,未調査（asset・animation・light/color・render group・特殊描画を確認）,未調査（Java発生元とRustの状態所有元を特定。自然発生元なしも根拠必須）,未着手。登録名/ID/options/provider登録のみ初期照合済み。対応済みを意味しない。
40,infested,simple,false,SpellParticle.Provider::new,ParticleResources.java:105,未調査（登録先のprovider実装・sprite・tickをJavaソースで個別追跡する）,未調査（handler/translateの種別・option codecと接続版境界を照合）,未調査（provider初期化・寿命・運動・衝突・追跡/emitterを確認）,未調査（asset・animation・light/color・render group・特殊描画を確認）,未調査（Java発生元とRustの状態所有元を特定。自然発生元なしも根拠必須）,未着手。登録名/ID/options/provider登録のみ初期照合済み。対応済みを意味しない。
41,cherry_leaves,simple,false,FallingLeavesParticle.CherryProvider::new,ParticleResources.java:155,未調査（登録先のprovider実装・sprite・tickをJavaソースで個別追跡する）,未調査（handler/translateの種別・option codecと接続版境界を照合）,未調査（provider初期化・寿命・運動・衝突・追跡/emitterを確認）,未調査（asset・animation・light/color・render group・特殊描画を確認）,未調査（Java発生元とRustの状態所有元を特定。自然発生元なしも根拠必須）,未着手。登録名/ID/options/provider登録のみ初期照合済み。対応済みを意味しない。
42,pale_oak_leaves,simple,false,FallingLeavesParticle.PaleOakProvider::new,ParticleResources.java:156,未調査（登録先のprovider実装・sprite・tickをJavaソースで個別追跡する）,未調査（handler/translateの種別・option codecと接続版境界を照合）,未調査（provider初期化・寿命・運動・衝突・追跡/emitterを確認）,未調査（asset・animation・light/color・render group・特殊描画を確認）,未調査（Java発生元とRustの状態所有元を特定。自然発生元なしも根拠必須）,未着手。登録名/ID/options/provider登録のみ初期照合済み。対応済みを意味しない。
43,tinted_leaves,color,false,FallingLeavesParticle.TintedLeavesProvider::new,ParticleResources.java:157,未調査（登録先のprovider実装・sprite・tickをJavaソースで個別追跡する）,未調査（handler/translateの種別・option codecと接続版境界を照合）,未調査（provider初期化・寿命・運動・衝突・追跡/emitterを確認）,未調査（asset・animation・light/color・render group・特殊描画を確認）,未調査（Java発生元とRustの状態所有元を特定。自然発生元なしも根拠必須）,未着手。登録名/ID/options/provider登録のみ初期照合済み。対応済みを意味しない。
44,sculk_soul,simple,false,SoulParticle.EmissiveProvider::new,ParticleResources.java:106,未調査（登録先のprovider実装・sprite・tickをJavaソースで個別追跡する）,未調査（handler/translateの種別・option codecと接続版境界を照合）,未調査（provider初期化・寿命・運動・衝突・追跡/emitterを確認）,未調査（asset・animation・light/color・render group・特殊描画を確認）,未調査（Java発生元とRustの状態所有元を特定。自然発生元なしも根拠必須）,未着手。登録名/ID/options/provider登録のみ初期照合済み。対応済みを意味しない。
45,sculk_charge,sculk_charge,true,SculkChargeParticle.Provider::new,ParticleResources.java:107,未調査（登録先のprovider実装・sprite・tickをJavaソースで個別追跡する）,未調査（handler/translateの種別・option codecと接続版境界を照合）,未調査（provider初期化・寿命・運動・衝突・追跡/emitterを確認）,未調査（asset・animation・light/color・render group・特殊描画を確認）,未調査（Java発生元とRustの状態所有元を特定。自然発生元なしも根拠必須）,未着手。登録名/ID/options/provider登録のみ初期照合済み。対応済みを意味しない。
46,sculk_charge_pop,simple,true,SculkChargePopParticle.Provider::new,ParticleResources.java:108,未調査（登録先のprovider実装・sprite・tickをJavaソースで個別追跡する）,未調査（handler/translateの種別・option codecと接続版境界を照合）,未調査（provider初期化・寿命・運動・衝突・追跡/emitterを確認）,未調査（asset・animation・light/color・render group・特殊描画を確認）,未調査（Java発生元とRustの状態所有元を特定。自然発生元なしも根拠必須）,未着手。登録名/ID/options/provider登録のみ初期照合済み。対応済みを意味しない。
47,soul_fire_flame,simple,false,FlameParticle.Provider::new,ParticleResources.java:110,未調査（登録先のprovider実装・sprite・tickをJavaソースで個別追跡する）,未調査（handler/translateの種別・option codecと接続版境界を照合）,未調査（provider初期化・寿命・運動・衝突・追跡/emitterを確認）,未調査（asset・animation・light/color・render group・特殊描画を確認）,未調査（Java発生元とRustの状態所有元を特定。自然発生元なしも根拠必須）,未着手。登録名/ID/options/provider登録のみ初期照合済み。対応済みを意味しない。
48,soul,simple,false,SoulParticle.Provider::new,ParticleResources.java:109,未調査（登録先のprovider実装・sprite・tickをJavaソースで個別追跡する）,未調査（handler/translateの種別・option codecと接続版境界を照合）,未調査（provider初期化・寿命・運動・衝突・追跡/emitterを確認）,未調査（asset・animation・light/color・render group・特殊描画を確認）,未調査（Java発生元とRustの状態所有元を特定。自然発生元なしも根拠必須）,未着手。登録名/ID/options/provider登録のみ初期照合済み。対応済みを意味しない。
49,flash,color,false,FireworkParticles.FlashProvider::new,ParticleResources.java:111,未調査（登録先のprovider実装・sprite・tickをJavaソースで個別追跡する）,未調査（handler/translateの種別・option codecと接続版境界を照合）,未調査（provider初期化・寿命・運動・衝突・追跡/emitterを確認）,未調査（asset・animation・light/color・render group・特殊描画を確認）,未調査（Java発生元とRustの状態所有元を特定。自然発生元なしも根拠必須）,未着手。登録名/ID/options/provider登録のみ初期照合済み。対応済みを意味しない。
50,happy_villager,simple,false,SuspendedTownParticle.HappyVillagerProvider::new,ParticleResources.java:112,未調査（登録先のprovider実装・sprite・tickをJavaソースで個別追跡する）,未調査（handler/translateの種別・option codecと接続版境界を照合）,未調査（provider初期化・寿命・運動・衝突・追跡/emitterを確認）,未調査（asset・animation・light/color・render group・特殊描画を確認）,未調査（Java発生元とRustの状態所有元を特定。自然発生元なしも根拠必須）,未着手。登録名/ID/options/provider登録のみ初期照合済み。対応済みを意味しない。
51,composter,simple,false,SuspendedTownParticle.ComposterFillProvider::new,ParticleResources.java:74,未調査（登録先のprovider実装・sprite・tickをJavaソースで個別追跡する）,未調査（handler/translateの種別・option codecと接続版境界を照合）,未調査（provider初期化・寿命・運動・衝突・追跡/emitterを確認）,未調査（asset・animation・light/color・render group・特殊描画を確認）,未調査（Java発生元とRustの状態所有元を特定。自然発生元なしも根拠必須）,未着手。登録名/ID/options/provider登録のみ初期照合済み。対応済みを意味しない。
52,heart,simple,false,HeartParticle.Provider::new,ParticleResources.java:113,未調査（登録先のprovider実装・sprite・tickをJavaソースで個別追跡する）,未調査（handler/translateの種別・option codecと接続版境界を照合）,未調査（provider初期化・寿命・運動・衝突・追跡/emitterを確認）,未調査（asset・animation・light/color・render group・特殊描画を確認）,未調査（Java発生元とRustの状態所有元を特定。自然発生元なしも根拠必須）,未着手。登録名/ID/options/provider登録のみ初期照合済み。対応済みを意味しない。
53,instant_effect,spell,false,SpellParticle.InstantProvider::new,ParticleResources.java:114,未調査（登録先のprovider実装・sprite・tickをJavaソースで個別追跡する）,未調査（handler/translateの種別・option codecと接続版境界を照合）,未調査（provider初期化・寿命・運動・衝突・追跡/emitterを確認）,未調査（asset・animation・light/color・render group・特殊描画を確認）,未調査（Java発生元とRustの状態所有元を特定。自然発生元なしも根拠必須）,未着手。登録名/ID/options/provider登録のみ初期照合済み。対応済みを意味しない。
54,item,item,false,new BreakingItemParticle.Provider(),ParticleResources.java:115,未調査（登録先のprovider実装・sprite・tickをJavaソースで個別追跡する）,未調査（handler/translateの種別・option codecと接続版境界を照合）,未調査（provider初期化・寿命・運動・衝突・追跡/emitterを確認）,未調査（asset・animation・light/color・render group・特殊描画を確認）,未調査（Java発生元とRustの状態所有元を特定。自然発生元なしも根拠必須）,未着手。登録名/ID/options/provider登録のみ初期照合済み。対応済みを意味しない。
55,vibration,vibration,true,VibrationSignalParticle.Provider::new,ParticleResources.java:160,未調査（登録先のprovider実装・sprite・tickをJavaソースで個別追跡する）,未調査（handler/translateの種別・option codecと接続版境界を照合）,未調査（provider初期化・寿命・運動・衝突・追跡/emitterを確認）,未調査（asset・animation・light/color・render group・特殊描画を確認）,未調査（Java発生元とRustの状態所有元を特定。自然発生元なしも根拠必須）,未着手。登録名/ID/options/provider登録のみ初期照合済み。対応済みを意味しない。
56,trail,trail,false,TrailParticle.Provider::new,ParticleResources.java:161,未調査（登録先のprovider実装・sprite・tickをJavaソースで個別追跡する）,未調査（handler/translateの種別・option codecと接続版境界を照合）,未調査（provider初期化・寿命・運動・衝突・追跡/emitterを確認）,未調査（asset・animation・light/color・render group・特殊描画を確認）,未調査（Java発生元とRustの状態所有元を特定。自然発生元なしも根拠必須）,未着手。登録名/ID/options/provider登録のみ初期照合済み。対応済みを意味しない。
57,pause_mob_growth,simple,false,SimpleVerticalParticle.PauseMobGrowthProvider::new,ParticleResources.java:162,未調査（登録先のprovider実装・sprite・tickをJavaソースで個別追跡する）,未調査（handler/translateの種別・option codecと接続版境界を照合）,未調査（provider初期化・寿命・運動・衝突・追跡/emitterを確認）,未調査（asset・animation・light/color・render group・特殊描画を確認）,未調査（Java発生元とRustの状態所有元を特定。自然発生元なしも根拠必須）,未着手。登録名/ID/options/provider登録のみ初期照合済み。対応済みを意味しない。
58,reset_mob_growth,simple,false,SimpleVerticalParticle.ResetMobGrowthProvider::new,ParticleResources.java:163,未調査（登録先のprovider実装・sprite・tickをJavaソースで個別追跡する）,未調査（handler/translateの種別・option codecと接続版境界を照合）,未調査（provider初期化・寿命・運動・衝突・追跡/emitterを確認）,未調査（asset・animation・light/color・render group・特殊描画を確認）,未調査（Java発生元とRustの状態所有元を特定。自然発生元なしも根拠必須）,未着手。登録名/ID/options/provider登録のみ初期照合済み。対応済みを意味しない。
59,item_slime,simple,false,new BreakingItemParticle.SlimeProvider(),ParticleResources.java:116,未調査（登録先のprovider実装・sprite・tickをJavaソースで個別追跡する）,未調査（handler/translateの種別・option codecと接続版境界を照合）,未調査（provider初期化・寿命・運動・衝突・追跡/emitterを確認）,未調査（asset・animation・light/color・render group・特殊描画を確認）,未調査（Java発生元とRustの状態所有元を特定。自然発生元なしも根拠必須）,未着手。登録名/ID/options/provider登録のみ初期照合済み。対応済みを意味しない。
60,item_cobweb,simple,false,new BreakingItemParticle.CobwebProvider(),ParticleResources.java:117,未調査（登録先のprovider実装・sprite・tickをJavaソースで個別追跡する）,未調査（handler/translateの種別・option codecと接続版境界を照合）,未調査（provider初期化・寿命・運動・衝突・追跡/emitterを確認）,未調査（asset・animation・light/color・render group・特殊描画を確認）,未調査（Java発生元とRustの状態所有元を特定。自然発生元なしも根拠必須）,未着手。登録名/ID/options/provider登録のみ初期照合済み。対応済みを意味しない。
61,item_snowball,simple,false,new BreakingItemParticle.SnowballProvider(),ParticleResources.java:118,未調査（登録先のprovider実装・sprite・tickをJavaソースで個別追跡する）,未調査（handler/translateの種別・option codecと接続版境界を照合）,未調査（provider初期化・寿命・運動・衝突・追跡/emitterを確認）,未調査（asset・animation・light/color・render group・特殊描画を確認）,未調査（Java発生元とRustの状態所有元を特定。自然発生元なしも根拠必須）,未着手。登録名/ID/options/provider登録のみ初期照合済み。対応済みを意味しない。
62,large_smoke,simple,false,LargeSmokeParticle.Provider::new,ParticleResources.java:119,未調査（登録先のprovider実装・sprite・tickをJavaソースで個別追跡する）,未調査（handler/translateの種別・option codecと接続版境界を照合）,未調査（provider初期化・寿命・運動・衝突・追跡/emitterを確認）,未調査（asset・animation・light/color・render group・特殊描画を確認）,未調査（Java発生元とRustの状態所有元を特定。自然発生元なしも根拠必須）,未着手。登録名/ID/options/provider登録のみ初期照合済み。対応済みを意味しない。
63,lava,simple,false,LavaParticle.Provider::new,ParticleResources.java:120,未調査（登録先のprovider実装・sprite・tickをJavaソースで個別追跡する）,未調査（handler/translateの種別・option codecと接続版境界を照合）,未調査（provider初期化・寿命・運動・衝突・追跡/emitterを確認）,未調査（asset・animation・light/color・render group・特殊描画を確認）,未調査（Java発生元とRustの状態所有元を特定。自然発生元なしも根拠必須）,未着手。登録名/ID/options/provider登録のみ初期照合済み。対応済みを意味しない。
64,mycelium,simple,false,SuspendedTownParticle.Provider::new,ParticleResources.java:121,未調査（登録先のprovider実装・sprite・tickをJavaソースで個別追跡する）,未調査（handler/translateの種別・option codecと接続版境界を照合）,未調査（provider初期化・寿命・運動・衝突・追跡/emitterを確認）,未調査（asset・animation・light/color・render group・特殊描画を確認）,未調査（Java発生元とRustの状態所有元を特定。自然発生元なしも根拠必須）,未着手。登録名/ID/options/provider登録のみ初期照合済み。対応済みを意味しない。
65,note,simple,false,NoteParticle.Provider::new,ParticleResources.java:123,未調査（登録先のprovider実装・sprite・tickをJavaソースで個別追跡する）,未調査（handler/translateの種別・option codecと接続版境界を照合）,未調査（provider初期化・寿命・運動・衝突・追跡/emitterを確認）,未調査（asset・animation・light/color・render group・特殊描画を確認）,未調査（Java発生元とRustの状態所有元を特定。自然発生元なしも根拠必須）,未着手。登録名/ID/options/provider登録のみ初期照合済み。対応済みを意味しない。
66,poof,simple,true,ExplodeParticle.Provider::new,ParticleResources.java:124,未調査（登録先のprovider実装・sprite・tickをJavaソースで個別追跡する）,未調査（handler/translateの種別・option codecと接続版境界を照合）,未調査（provider初期化・寿命・運動・衝突・追跡/emitterを確認）,未調査（asset・animation・light/color・render group・特殊描画を確認）,未調査（Java発生元とRustの状態所有元を特定。自然発生元なしも根拠必須）,未着手。登録名/ID/options/provider登録のみ初期照合済み。対応済みを意味しない。
67,portal,simple,false,PortalParticle.Provider::new,ParticleResources.java:125,未調査（登録先のprovider実装・sprite・tickをJavaソースで個別追跡する）,未調査（handler/translateの種別・option codecと接続版境界を照合）,未調査（provider初期化・寿命・運動・衝突・追跡/emitterを確認）,未調査（asset・animation・light/color・render group・特殊描画を確認）,未調査（Java発生元とRustの状態所有元を特定。自然発生元なしも根拠必須）,未着手。登録名/ID/options/provider登録のみ初期照合済み。対応済みを意味しない。
68,rain,simple,false,WaterDropParticle.Provider::new,ParticleResources.java:126,未調査（登録先のprovider実装・sprite・tickをJavaソースで個別追跡する）,未調査（handler/translateの種別・option codecと接続版境界を照合）,未調査（provider初期化・寿命・運動・衝突・追跡/emitterを確認）,未調査（asset・animation・light/color・render group・特殊描画を確認）,未調査（Java発生元とRustの状態所有元を特定。自然発生元なしも根拠必須）,未着手。登録名/ID/options/provider登録のみ初期照合済み。対応済みを意味しない。
69,smoke,simple,false,SmokeParticle.Provider::new,ParticleResources.java:127,未調査（登録先のprovider実装・sprite・tickをJavaソースで個別追跡する）,未調査（handler/translateの種別・option codecと接続版境界を照合）,未調査（provider初期化・寿命・運動・衝突・追跡/emitterを確認）,未調査（asset・animation・light/color・render group・特殊描画を確認）,未調査（Java発生元とRustの状態所有元を特定。自然発生元なしも根拠必須）,未着手。登録名/ID/options/provider登録のみ初期照合済み。対応済みを意味しない。
70,white_smoke,simple,false,WhiteSmokeParticle.Provider::new,ParticleResources.java:128,未調査（登録先のprovider実装・sprite・tickをJavaソースで個別追跡する）,未調査（handler/translateの種別・option codecと接続版境界を照合）,未調査（provider初期化・寿命・運動・衝突・追跡/emitterを確認）,未調査（asset・animation・light/color・render group・特殊描画を確認）,未調査（Java発生元とRustの状態所有元を特定。自然発生元なしも根拠必須）,未着手。登録名/ID/options/provider登録のみ初期照合済み。対応済みを意味しない。
71,sneeze,simple,false,PlayerCloudParticle.SneezeProvider::new,ParticleResources.java:129,未調査（登録先のprovider実装・sprite・tickをJavaソースで個別追跡する）,未調査（handler/translateの種別・option codecと接続版境界を照合）,未調査（provider初期化・寿命・運動・衝突・追跡/emitterを確認）,未調査（asset・animation・light/color・render group・特殊描画を確認）,未調査（Java発生元とRustの状態所有元を特定。自然発生元なしも根拠必須）,未着手。登録名/ID/options/provider登録のみ初期照合済み。対応済みを意味しない。
72,spit,simple,true,SpitParticle.Provider::new,ParticleResources.java:131,未調査（登録先のprovider実装・sprite・tickをJavaソースで個別追跡する）,未調査（handler/translateの種別・option codecと接続版境界を照合）,未調査（provider初期化・寿命・運動・衝突・追跡/emitterを確認）,未調査（asset・animation・light/color・render group・特殊描画を確認）,未調査（Java発生元とRustの状態所有元を特定。自然発生元なしも根拠必須）,未着手。登録名/ID/options/provider登録のみ初期照合済み。対応済みを意味しない。
73,squid_ink,simple,true,SquidInkParticle.Provider::new,ParticleResources.java:134,未調査（登録先のprovider実装・sprite・tickをJavaソースで個別追跡する）,未調査（handler/translateの種別・option codecと接続版境界を照合）,未調査（provider初期化・寿命・運動・衝突・追跡/emitterを確認）,未調査（asset・animation・light/color・render group・特殊描画を確認）,未調査（Java発生元とRustの状態所有元を特定。自然発生元なしも根拠必須）,未着手。登録名/ID/options/provider登録のみ初期照合済み。対応済みを意味しない。
74,sweep_attack,simple,true,AttackSweepParticle.Provider::new,ParticleResources.java:132,未調査（登録先のprovider実装・sprite・tickをJavaソースで個別追跡する）,未調査（handler/translateの種別・option codecと接続版境界を照合）,未調査（provider初期化・寿命・運動・衝突・追跡/emitterを確認）,未調査（asset・animation・light/color・render group・特殊描画を確認）,未調査（Java発生元とRustの状態所有元を特定。自然発生元なしも根拠必須）,未着手。登録名/ID/options/provider登録のみ初期照合済み。対応済みを意味しない。
75,totem_of_undying,simple,false,TotemParticle.Provider::new,ParticleResources.java:133,未調査（登録先のprovider実装・sprite・tickをJavaソースで個別追跡する）,未調査（handler/translateの種別・option codecと接続版境界を照合）,未調査（provider初期化・寿命・運動・衝突・追跡/emitterを確認）,未調査（asset・animation・light/color・render group・特殊描画を確認）,未調査（Java発生元とRustの状態所有元を特定。自然発生元なしも根拠必須）,未着手。登録名/ID/options/provider登録のみ初期照合済み。対応済みを意味しない。
76,underwater,simple,false,SuspendedParticle.UnderwaterProvider::new,ParticleResources.java:135,未調査（登録先のprovider実装・sprite・tickをJavaソースで個別追跡する）,未調査（handler/translateの種別・option codecと接続版境界を照合）,未調査（provider初期化・寿命・運動・衝突・追跡/emitterを確認）,未調査（asset・animation・light/color・render group・特殊描画を確認）,未調査（Java発生元とRustの状態所有元を特定。自然発生元なしも根拠必須）,未着手。登録名/ID/options/provider登録のみ初期照合済み。対応済みを意味しない。
77,splash,simple,false,SplashParticle.Provider::new,ParticleResources.java:136,未調査（登録先のprovider実装・sprite・tickをJavaソースで個別追跡する）,未調査（handler/translateの種別・option codecと接続版境界を照合）,未調査（provider初期化・寿命・運動・衝突・追跡/emitterを確認）,未調査（asset・animation・light/color・render group・特殊描画を確認）,未調査（Java発生元とRustの状態所有元を特定。自然発生元なしも根拠必須）,未着手。登録名/ID/options/provider登録のみ初期照合済み。対応済みを意味しない。
78,witch,simple,false,SpellParticle.WitchProvider::new,ParticleResources.java:137,未調査（登録先のprovider実装・sprite・tickをJavaソースで個別追跡する）,未調査（handler/translateの種別・option codecと接続版境界を照合）,未調査（provider初期化・寿命・運動・衝突・追跡/emitterを確認）,未調査（asset・animation・light/color・render group・特殊描画を確認）,未調査（Java発生元とRustの状態所有元を特定。自然発生元なしも根拠必須）,未着手。登録名/ID/options/provider登録のみ初期照合済み。対応済みを意味しない。
79,bubble_pop,simple,false,BubblePopParticle.Provider::new,ParticleResources.java:63,未調査（登録先のprovider実装・sprite・tickをJavaソースで個別追跡する）,未調査（handler/translateの種別・option codecと接続版境界を照合）,未調査（provider初期化・寿命・運動・衝突・追跡/emitterを確認）,未調査（asset・animation・light/color・render group・特殊描画を確認）,未調査（Java発生元とRustの状態所有元を特定。自然発生元なしも根拠必須）,未着手。登録名/ID/options/provider登録のみ初期照合済み。対応済みを意味しない。
80,current_down,simple,false,WaterCurrentDownParticle.Provider::new,ParticleResources.java:77,未調査（登録先のprovider実装・sprite・tickをJavaソースで個別追跡する）,未調査（handler/translateの種別・option codecと接続版境界を照合）,未調査（provider初期化・寿命・運動・衝突・追跡/emitterを確認）,未調査（asset・animation・light/color・render group・特殊描画を確認）,未調査（Java発生元とRustの状態所有元を特定。自然発生元なしも根拠必須）,未着手。登録名/ID/options/provider登録のみ初期照合済み。対応済みを意味しない。
81,bubble_column_up,simple,false,BubbleColumnUpParticle.Provider::new,ParticleResources.java:62,未調査（登録先のprovider実装・sprite・tickをJavaソースで個別追跡する）,未調査（handler/translateの種別・option codecと接続版境界を照合）,未調査（provider初期化・寿命・運動・衝突・追跡/emitterを確認）,未調査（asset・animation・light/color・render group・特殊描画を確認）,未調査（Java発生元とRustの状態所有元を特定。自然発生元なしも根拠必須）,未着手。登録名/ID/options/provider登録のみ初期照合済み。対応済みを意味しない。
82,nautilus,simple,false,FlyTowardsPositionParticle.NautilusProvider::new,ParticleResources.java:122,未調査（登録先のprovider実装・sprite・tickをJavaソースで個別追跡する）,未調査（handler/translateの種別・option codecと接続版境界を照合）,未調査（provider初期化・寿命・運動・衝突・追跡/emitterを確認）,未調査（asset・animation・light/color・render group・特殊描画を確認）,未調査（Java発生元とRustの状態所有元を特定。自然発生元なしも根拠必須）,未着手。登録名/ID/options/provider登録のみ初期照合済み。対応済みを意味しない。
83,dolphin,simple,false,SuspendedTownParticle.DolphinSpeedProvider::new,ParticleResources.java:80,未調査（登録先のprovider実装・sprite・tickをJavaソースで個別追跡する）,未調査（handler/translateの種別・option codecと接続版境界を照合）,未調査（provider初期化・寿命・運動・衝突・追跡/emitterを確認）,未調査（asset・animation・light/color・render group・特殊描画を確認）,未調査（Java発生元とRustの状態所有元を特定。自然発生元なしも根拠必須）,未着手。登録名/ID/options/provider登録のみ初期照合済み。対応済みを意味しない。
84,campfire_cosy_smoke,simple,true,CampfireSmokeParticle.CosyProvider::new,ParticleResources.java:71,未調査（登録先のprovider実装・sprite・tickをJavaソースで個別追跡する）,未調査（handler/translateの種別・option codecと接続版境界を照合）,未調査（provider初期化・寿命・運動・衝突・追跡/emitterを確認）,未調査（asset・animation・light/color・render group・特殊描画を確認）,未調査（Java発生元とRustの状態所有元を特定。自然発生元なしも根拠必須）,未着手。登録名/ID/options/provider登録のみ初期照合済み。対応済みを意味しない。
85,campfire_signal_smoke,simple,true,CampfireSmokeParticle.SignalProvider::new,ParticleResources.java:72,未調査（登録先のprovider実装・sprite・tickをJavaソースで個別追跡する）,未調査（handler/translateの種別・option codecと接続版境界を照合）,未調査（provider初期化・寿命・運動・衝突・追跡/emitterを確認）,未調査（asset・animation・light/color・render group・特殊描画を確認）,未調査（Java発生元とRustの状態所有元を特定。自然発生元なしも根拠必須）,未着手。登録名/ID/options/provider登録のみ初期照合済み。対応済みを意味しない。
86,dripping_honey,simple,false,DripParticle.HoneyHangProvider::new,ParticleResources.java:138,未調査（登録先のprovider実装・sprite・tickをJavaソースで個別追跡する）,未調査（handler/translateの種別・option codecと接続版境界を照合）,未調査（provider初期化・寿命・運動・衝突・追跡/emitterを確認）,未調査（asset・animation・light/color・render group・特殊描画を確認）,未調査（Java発生元とRustの状態所有元を特定。自然発生元なしも根拠必須）,未着手。登録名/ID/options/provider登録のみ初期照合済み。対応済みを意味しない。
87,falling_honey,simple,false,DripParticle.HoneyFallProvider::new,ParticleResources.java:139,未調査（登録先のprovider実装・sprite・tickをJavaソースで個別追跡する）,未調査（handler/translateの種別・option codecと接続版境界を照合）,未調査（provider初期化・寿命・運動・衝突・追跡/emitterを確認）,未調査（asset・animation・light/color・render group・特殊描画を確認）,未調査（Java発生元とRustの状態所有元を特定。自然発生元なしも根拠必須）,未着手。登録名/ID/options/provider登録のみ初期照合済み。対応済みを意味しない。
88,landing_honey,simple,false,DripParticle.HoneyLandProvider::new,ParticleResources.java:140,未調査（登録先のprovider実装・sprite・tickをJavaソースで個別追跡する）,未調査（handler/translateの種別・option codecと接続版境界を照合）,未調査（provider初期化・寿命・運動・衝突・追跡/emitterを確認）,未調査（asset・animation・light/color・render group・特殊描画を確認）,未調査（Java発生元とRustの状態所有元を特定。自然発生元なしも根拠必須）,未着手。登録名/ID/options/provider登録のみ初期照合済み。対応済みを意味しない。
89,falling_nectar,simple,false,DripParticle.NectarFallProvider::new,ParticleResources.java:141,未調査（登録先のprovider実装・sprite・tickをJavaソースで個別追跡する）,未調査（handler/translateの種別・option codecと接続版境界を照合）,未調査（provider初期化・寿命・運動・衝突・追跡/emitterを確認）,未調査（asset・animation・light/color・render group・特殊描画を確認）,未調査（Java発生元とRustの状態所有元を特定。自然発生元なしも根拠必須）,未着手。登録名/ID/options/provider登録のみ初期照合済み。対応済みを意味しない。
90,falling_spore_blossom,simple,false,DripParticle.SporeBlossomFallProvider::new,ParticleResources.java:142,未調査（登録先のprovider実装・sprite・tickをJavaソースで個別追跡する）,未調査（handler/translateの種別・option codecと接続版境界を照合）,未調査（provider初期化・寿命・運動・衝突・追跡/emitterを確認）,未調査（asset・animation・light/color・render group・特殊描画を確認）,未調査（Java発生元とRustの状態所有元を特定。自然発生元なしも根拠必須）,未着手。登録名/ID/options/provider登録のみ初期照合済み。対応済みを意味しない。
91,ash,simple,false,AshParticle.Provider::new,ParticleResources.java:144,未調査（登録先のprovider実装・sprite・tickをJavaソースで個別追跡する）,未調査（handler/translateの種別・option codecと接続版境界を照合）,未調査（provider初期化・寿命・運動・衝突・追跡/emitterを確認）,未調査（asset・animation・light/color・render group・特殊描画を確認）,未調査（Java発生元とRustの状態所有元を特定。自然発生元なしも根拠必須）,未着手。登録名/ID/options/provider登録のみ初期照合済み。対応済みを意味しない。
92,crimson_spore,simple,false,SuspendedParticle.CrimsonSporeProvider::new,ParticleResources.java:145,未調査（登録先のprovider実装・sprite・tickをJavaソースで個別追跡する）,未調査（handler/translateの種別・option codecと接続版境界を照合）,未調査（provider初期化・寿命・運動・衝突・追跡/emitterを確認）,未調査（asset・animation・light/color・render group・特殊描画を確認）,未調査（Java発生元とRustの状態所有元を特定。自然発生元なしも根拠必須）,未着手。登録名/ID/options/provider登録のみ初期照合済み。対応済みを意味しない。
93,warped_spore,simple,false,SuspendedParticle.WarpedSporeProvider::new,ParticleResources.java:146,未調査（登録先のprovider実装・sprite・tickをJavaソースで個別追跡する）,未調査（handler/translateの種別・option codecと接続版境界を照合）,未調査（provider初期化・寿命・運動・衝突・追跡/emitterを確認）,未調査（asset・animation・light/color・render group・特殊描画を確認）,未調査（Java発生元とRustの状態所有元を特定。自然発生元なしも根拠必須）,未着手。登録名/ID/options/provider登録のみ初期照合済み。対応済みを意味しない。
94,spore_blossom_air,simple,false,SuspendedParticle.SporeBlossomAirProvider::new,ParticleResources.java:143,未調査（登録先のprovider実装・sprite・tickをJavaソースで個別追跡する）,未調査（handler/translateの種別・option codecと接続版境界を照合）,未調査（provider初期化・寿命・運動・衝突・追跡/emitterを確認）,未調査（asset・animation・light/color・render group・特殊描画を確認）,未調査（Java発生元とRustの状態所有元を特定。自然発生元なしも根拠必須）,未着手。登録名/ID/options/provider登録のみ初期照合済み。対応済みを意味しない。
95,dripping_obsidian_tear,simple,false,DripParticle.ObsidianTearHangProvider::new,ParticleResources.java:147,未調査（登録先のprovider実装・sprite・tickをJavaソースで個別追跡する）,未調査（handler/translateの種別・option codecと接続版境界を照合）,未調査（provider初期化・寿命・運動・衝突・追跡/emitterを確認）,未調査（asset・animation・light/color・render group・特殊描画を確認）,未調査（Java発生元とRustの状態所有元を特定。自然発生元なしも根拠必須）,未着手。登録名/ID/options/provider登録のみ初期照合済み。対応済みを意味しない。
96,falling_obsidian_tear,simple,false,DripParticle.ObsidianTearFallProvider::new,ParticleResources.java:148,未調査（登録先のprovider実装・sprite・tickをJavaソースで個別追跡する）,未調査（handler/translateの種別・option codecと接続版境界を照合）,未調査（provider初期化・寿命・運動・衝突・追跡/emitterを確認）,未調査（asset・animation・light/color・render group・特殊描画を確認）,未調査（Java発生元とRustの状態所有元を特定。自然発生元なしも根拠必須）,未着手。登録名/ID/options/provider登録のみ初期照合済み。対応済みを意味しない。
97,landing_obsidian_tear,simple,false,DripParticle.ObsidianTearLandProvider::new,ParticleResources.java:149,未調査（登録先のprovider実装・sprite・tickをJavaソースで個別追跡する）,未調査（handler/translateの種別・option codecと接続版境界を照合）,未調査（provider初期化・寿命・運動・衝突・追跡/emitterを確認）,未調査（asset・animation・light/color・render group・特殊描画を確認）,未調査（Java発生元とRustの状態所有元を特定。自然発生元なしも根拠必須）,未着手。登録名/ID/options/provider登録のみ初期照合済み。対応済みを意味しない。
98,reverse_portal,simple,false,ReversePortalParticle.ReversePortalProvider::new,ParticleResources.java:150,未調査（登録先のprovider実装・sprite・tickをJavaソースで個別追跡する）,未調査（handler/translateの種別・option codecと接続版境界を照合）,未調査（provider初期化・寿命・運動・衝突・追跡/emitterを確認）,未調査（asset・animation・light/color・render group・特殊描画を確認）,未調査（Java発生元とRustの状態所有元を特定。自然発生元なしも根拠必須）,未着手。登録名/ID/options/provider登録のみ初期照合済み。対応済みを意味しない。
99,white_ash,simple,false,WhiteAshParticle.Provider::new,ParticleResources.java:151,未調査（登録先のprovider実装・sprite・tickをJavaソースで個別追跡する）,未調査（handler/translateの種別・option codecと接続版境界を照合）,未調査（provider初期化・寿命・運動・衝突・追跡/emitterを確認）,未調査（asset・animation・light/color・render group・特殊描画を確認）,未調査（Java発生元とRustの状態所有元を特定。自然発生元なしも根拠必須）,未着手。登録名/ID/options/provider登録のみ初期照合済み。対応済みを意味しない。
100,small_flame,simple,false,FlameParticle.SmallFlameProvider::new,ParticleResources.java:152,未調査（登録先のprovider実装・sprite・tickをJavaソースで個別追跡する）,未調査（handler/translateの種別・option codecと接続版境界を照合）,未調査（provider初期化・寿命・運動・衝突・追跡/emitterを確認）,未調査（asset・animation・light/color・render group・特殊描画を確認）,未調査（Java発生元とRustの状態所有元を特定。自然発生元なしも根拠必須）,未着手。登録名/ID/options/provider登録のみ初期照合済み。対応済みを意味しない。
101,snowflake,simple,false,SnowflakeParticle.Provider::new,ParticleResources.java:130,未調査（登録先のprovider実装・sprite・tickをJavaソースで個別追跡する）,未調査（handler/translateの種別・option codecと接続版境界を照合）,未調査（provider初期化・寿命・運動・衝突・追跡/emitterを確認）,未調査（asset・animation・light/color・render group・特殊描画を確認）,未調査（Java発生元とRustの状態所有元を特定。自然発生元なしも根拠必須）,未着手。登録名/ID/options/provider登録のみ初期照合済み。対応済みを意味しない。
102,dripping_dripstone_lava,simple,false,DripParticle.DripstoneLavaHangProvider::new,ParticleResources.java:158,未調査（登録先のprovider実装・sprite・tickをJavaソースで個別追跡する）,未調査（handler/translateの種別・option codecと接続版境界を照合）,未調査（provider初期化・寿命・運動・衝突・追跡/emitterを確認）,未調査（asset・animation・light/color・render group・特殊描画を確認）,未調査（Java発生元とRustの状態所有元を特定。自然発生元なしも根拠必須）,未着手。登録名/ID/options/provider登録のみ初期照合済み。対応済みを意味しない。
103,falling_dripstone_lava,simple,false,DripParticle.DripstoneLavaFallProvider::new,ParticleResources.java:159,未調査（登録先のprovider実装・sprite・tickをJavaソースで個別追跡する）,未調査（handler/translateの種別・option codecと接続版境界を照合）,未調査（provider初期化・寿命・運動・衝突・追跡/emitterを確認）,未調査（asset・animation・light/color・render group・特殊描画を確認）,未調査（Java発生元とRustの状態所有元を特定。自然発生元なしも根拠必須）,未着手。登録名/ID/options/provider登録のみ初期照合済み。対応済みを意味しない。
104,dripping_dripstone_water,simple,false,DripParticle.DripstoneWaterHangProvider::new,ParticleResources.java:153,未調査（登録先のprovider実装・sprite・tickをJavaソースで個別追跡する）,未調査（handler/translateの種別・option codecと接続版境界を照合）,未調査（provider初期化・寿命・運動・衝突・追跡/emitterを確認）,未調査（asset・animation・light/color・render group・特殊描画を確認）,未調査（Java発生元とRustの状態所有元を特定。自然発生元なしも根拠必須）,未着手。登録名/ID/options/provider登録のみ初期照合済み。対応済みを意味しない。
105,falling_dripstone_water,simple,false,DripParticle.DripstoneWaterFallProvider::new,ParticleResources.java:154,未調査（登録先のprovider実装・sprite・tickをJavaソースで個別追跡する）,未調査（handler/translateの種別・option codecと接続版境界を照合）,未調査（provider初期化・寿命・運動・衝突・追跡/emitterを確認）,未調査（asset・animation・light/color・render group・特殊描画を確認）,未調査（Java発生元とRustの状態所有元を特定。自然発生元なしも根拠必須）,未着手。登録名/ID/options/provider登録のみ初期照合済み。対応済みを意味しない。
106,glow_squid_ink,simple,true,SquidInkParticle.GlowInkProvider::new,ParticleResources.java:164,未調査（登録先のprovider実装・sprite・tickをJavaソースで個別追跡する）,未調査（handler/translateの種別・option codecと接続版境界を照合）,未調査（provider初期化・寿命・運動・衝突・追跡/emitterを確認）,未調査（asset・animation・light/color・render group・特殊描画を確認）,未調査（Java発生元とRustの状態所有元を特定。自然発生元なしも根拠必須）,未着手。登録名/ID/options/provider登録のみ初期照合済み。対応済みを意味しない。
107,glow,simple,true,GlowParticle.GlowSquidProvider::new,ParticleResources.java:165,未調査（登録先のprovider実装・sprite・tickをJavaソースで個別追跡する）,未調査（handler/translateの種別・option codecと接続版境界を照合）,未調査（provider初期化・寿命・運動・衝突・追跡/emitterを確認）,未調査（asset・animation・light/color・render group・特殊描画を確認）,未調査（Java発生元とRustの状態所有元を特定。自然発生元なしも根拠必須）,未着手。登録名/ID/options/provider登録のみ初期照合済み。対応済みを意味しない。
108,wax_on,simple,true,GlowParticle.WaxOnProvider::new,ParticleResources.java:166,未調査（登録先のprovider実装・sprite・tickをJavaソースで個別追跡する）,未調査（handler/translateの種別・option codecと接続版境界を照合）,未調査（provider初期化・寿命・運動・衝突・追跡/emitterを確認）,未調査（asset・animation・light/color・render group・特殊描画を確認）,未調査（Java発生元とRustの状態所有元を特定。自然発生元なしも根拠必須）,未着手。登録名/ID/options/provider登録のみ初期照合済み。対応済みを意味しない。
109,wax_off,simple,true,GlowParticle.WaxOffProvider::new,ParticleResources.java:167,未調査（登録先のprovider実装・sprite・tickをJavaソースで個別追跡する）,未調査（handler/translateの種別・option codecと接続版境界を照合）,未調査（provider初期化・寿命・運動・衝突・追跡/emitterを確認）,未調査（asset・animation・light/color・render group・特殊描画を確認）,未調査（Java発生元とRustの状態所有元を特定。自然発生元なしも根拠必須）,未着手。登録名/ID/options/provider登録のみ初期照合済み。対応済みを意味しない。
110,electric_spark,simple,true,GlowParticle.ElectricSparkProvider::new,ParticleResources.java:168,未調査（登録先のprovider実装・sprite・tickをJavaソースで個別追跡する）,未調査（handler/translateの種別・option codecと接続版境界を照合）,未調査（provider初期化・寿命・運動・衝突・追跡/emitterを確認）,未調査（asset・animation・light/color・render group・特殊描画を確認）,未調査（Java発生元とRustの状態所有元を特定。自然発生元なしも根拠必須）,未着手。登録名/ID/options/provider登録のみ初期照合済み。対応済みを意味しない。
111,scrape,simple,true,GlowParticle.ScrapeProvider::new,ParticleResources.java:169,未調査（登録先のprovider実装・sprite・tickをJavaソースで個別追跡する）,未調査（handler/translateの種別・option codecと接続版境界を照合）,未調査（provider初期化・寿命・運動・衝突・追跡/emitterを確認）,未調査（asset・animation・light/color・render group・特殊描画を確認）,未調査（Java発生元とRustの状態所有元を特定。自然発生元なしも根拠必須）,未着手。登録名/ID/options/provider登録のみ初期照合済み。対応済みを意味しない。
112,shriek,shriek,false,ShriekParticle.Provider::new,ParticleResources.java:170,未調査（登録先のprovider実装・sprite・tickをJavaソースで個別追跡する）,未調査（handler/translateの種別・option codecと接続版境界を照合）,未調査（provider初期化・寿命・運動・衝突・追跡/emitterを確認）,未調査（asset・animation・light/color・render group・特殊描画を確認）,未調査（Java発生元とRustの状態所有元を特定。自然発生元なしも根拠必須）,未着手。登録名/ID/options/provider登録のみ初期照合済み。対応済みを意味しない。
113,egg_crack,simple,false,SuspendedTownParticle.EggCrackProvider::new,ParticleResources.java:171,未調査（登録先のprovider実装・sprite・tickをJavaソースで個別追跡する）,未調査（handler/translateの種別・option codecと接続版境界を照合）,未調査（provider初期化・寿命・運動・衝突・追跡/emitterを確認）,未調査（asset・animation・light/color・render group・特殊描画を確認）,未調査（Java発生元とRustの状態所有元を特定。自然発生元なしも根拠必須）,未着手。登録名/ID/options/provider登録のみ初期照合済み。対応済みを意味しない。
114,dust_plume,simple,false,DustPlumeParticle.Provider::new,ParticleResources.java:172,未調査（登録先のprovider実装・sprite・tickをJavaソースで個別追跡する）,未調査（handler/translateの種別・option codecと接続版境界を照合）,未調査（provider初期化・寿命・運動・衝突・追跡/emitterを確認）,未調査（asset・animation・light/color・render group・特殊描画を確認）,未調査（Java発生元とRustの状態所有元を特定。自然発生元なしも根拠必須）,未着手。登録名/ID/options/provider登録のみ初期照合済み。対応済みを意味しない。
115,trial_spawner_detection,simple,true,TrialSpawnerDetectionParticle.Provider::new,ParticleResources.java:173,未調査（登録先のprovider実装・sprite・tickをJavaソースで個別追跡する）,未調査（handler/translateの種別・option codecと接続版境界を照合）,未調査（provider初期化・寿命・運動・衝突・追跡/emitterを確認）,未調査（asset・animation・light/color・render group・特殊描画を確認）,未調査（Java発生元とRustの状態所有元を特定。自然発生元なしも根拠必須）,未着手。登録名/ID/options/provider登録のみ初期照合済み。対応済みを意味しない。
116,trial_spawner_detection_ominous,simple,true,TrialSpawnerDetectionParticle.Provider::new,ParticleResources.java:174,未調査（登録先のprovider実装・sprite・tickをJavaソースで個別追跡する）,未調査（handler/translateの種別・option codecと接続版境界を照合）,未調査（provider初期化・寿命・運動・衝突・追跡/emitterを確認）,未調査（asset・animation・light/color・render group・特殊描画を確認）,未調査（Java発生元とRustの状態所有元を特定。自然発生元なしも根拠必須）,未着手。登録名/ID/options/provider登録のみ初期照合済み。対応済みを意味しない。
117,vault_connection,simple,true,FlyTowardsPositionParticle.VaultConnectionProvider::new,ParticleResources.java:175,未調査（登録先のprovider実装・sprite・tickをJavaソースで個別追跡する）,未調査（handler/translateの種別・option codecと接続版境界を照合）,未調査（provider初期化・寿命・運動・衝突・追跡/emitterを確認）,未調査（asset・animation・light/color・render group・特殊描画を確認）,未調査（Java発生元とRustの状態所有元を特定。自然発生元なしも根拠必須）,未着手。登録名/ID/options/provider登録のみ初期照合済み。対応済みを意味しない。
118,dust_pillar,block,false,new TerrainParticle.DustPillarProvider(),ParticleResources.java:176,未調査（登録先のprovider実装・sprite・tickをJavaソースで個別追跡する）,未調査（handler/translateの種別・option codecと接続版境界を照合）,未調査（provider初期化・寿命・運動・衝突・追跡/emitterを確認）,未調査（asset・animation・light/color・render group・特殊描画を確認）,未調査（Java発生元とRustの状態所有元を特定。自然発生元なしも根拠必須）,未着手。登録名/ID/options/provider登録のみ初期照合済み。対応済みを意味しない。
119,ominous_spawning,simple,true,FlyStraightTowardsParticle.OminousSpawnProvider::new,ParticleResources.java:179,未調査（登録先のprovider実装・sprite・tickをJavaソースで個別追跡する）,未調査（handler/translateの種別・option codecと接続版境界を照合）,未調査（provider初期化・寿命・運動・衝突・追跡/emitterを確認）,未調査（asset・animation・light/color・render group・特殊描画を確認）,未調査（Java発生元とRustの状態所有元を特定。自然発生元なしも根拠必須）,未着手。登録名/ID/options/provider登録のみ初期照合済み。対応済みを意味しない。
120,raid_omen,simple,false,SpellParticle.Provider::new,ParticleResources.java:177,未調査（登録先のprovider実装・sprite・tickをJavaソースで個別追跡する）,未調査（handler/translateの種別・option codecと接続版境界を照合）,未調査（provider初期化・寿命・運動・衝突・追跡/emitterを確認）,未調査（asset・animation・light/color・render group・特殊描画を確認）,未調査（Java発生元とRustの状態所有元を特定。自然発生元なしも根拠必須）,未着手。登録名/ID/options/provider登録のみ初期照合済み。対応済みを意味しない。
121,trial_omen,simple,false,SpellParticle.Provider::new,ParticleResources.java:178,未調査（登録先のprovider実装・sprite・tickをJavaソースで個別追跡する）,未調査（handler/translateの種別・option codecと接続版境界を照合）,未調査（provider初期化・寿命・運動・衝突・追跡/emitterを確認）,未調査（asset・animation・light/color・render group・特殊描画を確認）,未調査（Java発生元とRustの状態所有元を特定。自然発生元なしも根拠必須）,未着手。登録名/ID/options/provider登録のみ初期照合済み。対応済みを意味しない。
122,block_crumble,block,false,new TerrainParticle.CrumblingProvider(),ParticleResources.java:180,未調査（登録先のprovider実装・sprite・tickをJavaソースで個別追跡する）,未調査（handler/translateの種別・option codecと接続版境界を照合）,未調査（provider初期化・寿命・運動・衝突・追跡/emitterを確認）,未調査（asset・animation・light/color・render group・特殊描画を確認）,未調査（Java発生元とRustの状態所有元を特定。自然発生元なしも根拠必須）,未着手。登録名/ID/options/provider登録のみ初期照合済み。対応済みを意味しない。
123,firefly,simple,false,FireflyParticle.FireflyProvider::new,ParticleResources.java:181,未調査（登録先のprovider実装・sprite・tickをJavaソースで個別追跡する）,未調査（handler/translateの種別・option codecと接続版境界を照合）,未調査（provider初期化・寿命・運動・衝突・追跡/emitterを確認）,未調査（asset・animation・light/color・render group・特殊描画を確認）,未調査（Java発生元とRustの状態所有元を特定。自然発生元なしも根拠必須）,未着手。登録名/ID/options/provider登録のみ初期照合済み。対応済みを意味しない。
124,sulfur_cube_goo,simple,false,BreakingItemParticle.SulfurCubeProvider::new,ParticleResources.java:182,未調査（登録先のprovider実装・sprite・tickをJavaソースで個別追跡する）,未調査（handler/translateの種別・option codecと接続版境界を照合）,未調査（provider初期化・寿命・運動・衝突・追跡/emitterを確認）,未調査（asset・animation・light/color・render group・特殊描画を確認）,未調査（Java発生元とRustの状態所有元を特定。自然発生元なしも根拠必須）,未着手。登録名/ID/options/provider登録のみ初期照合済み。対応済みを意味しない。
