-2147483648	-1.0737418E9
-2147272426	-1.0736362E9
-2143726303	-1.0718632E9
-2143544565	-1.0717723E9
-2142749411	-1.0713747E9
-2142725160	-1.07136256E9
-2137733329	-1.0688667E9
-2131555103	-1.06577754E9
-2127249822	-1.0636249E9
-2127176209	-1.0635881E9
-2121567524	-1.06078374E9
-2120781109	-1.0603905E9
-2119581303	-1.05979066E9
-2109992069	-1.05499603E9
-2096940222	-1.0484701E9
-2089881645	-1.0449408E9
-2084255275	-1.0421276E9
-2082509540	-1.0412548E9
-2081516627	-1.04075834E9
-2074063801	-1.0370319E9
-2067269447	-1.03363475E9
-2059678590	-1.0298393E9
-2058951453	-1.0294757E9
-2053000898	-1.0265005E9
-2048406242	-1.02420314E9
-2043255792	-1.0216279E9
-2036448945	-1.01822445E9
-2035156105	-1.01757805E9
-2033792798	-1.0168964E9
-2031736669	-1.01586835E9
-2030929381	-1.0154647E9
-2019251722	-1.00962586E9
-2018479672	-1.0092398E9
-2017819825	-1.0089099E9
-2014456775	-1.0072284E9
-2013851773	-1.0069259E9
-2009451754	-1.0047259E9
-2004099945	-1.00205E9
-2002722494	-1.0013612E9
-2002247782	-1.0011239E9
-2000453250	-1.0002266E9
-1998950147	-9.994751E8
-1994293895	-9.9714694E8
-1988748553	-9.943743E8
-1987446565	-9.9372326E8
-1986153406	-9.930767E8
-1983979856	-9.9198995E8
-1982710536	-9.9135526E8
-1980497894	-9.9024896E8
-1975358841	-9.876794E8
-1974777848	-9.873889E8
-1968098655	-9.8404934E8
-1965001971	-9.82501E8
-1959752237	-9.798761E8
-1958442211	-9.792211E8
-1956990703	-9.7849536E8
-1956708449	-9.7835424E8
-1952622080	-9.7631104E8
-1949006327	-9.745032E8
-1948932568	-9.744663E8
-1946514116	-9.732571E8
-1944240772	-9.721204E8
-1942729115	-9.7136454E8
-1942443269	-9.712216E8
-1941364118	-9.7068205E8
-1936643066	-9.6832154E8
-1932308121	-9.6615405E8
-1929152028	-9.64576E8
-1928355704	-9.6417786E8
-1924600302	-9.6230016E8
-1922082832	-9.610414E8
-1916512806	-9.582564E8
-1914759598	-9.573798E8
-1911123915	-9.55562E8
-1910435023	-9.5521754E8
-1906631367	-9.533157E8
-1904170294	-9.520851E8
-1901617726	-9.508088E8
-1895777727	-9.4788883E8
-1889578290	-9.447891E8
-1887717685	-9.438588E8
-1880206041	-9.4010304E8
-1879318252	-9.3965914E8
-1874732673	-9.3736634E8
-1871336178	-9.356681E8
-1856043586	-9.280218E8
-1852439766	-9.262199E8
-1850091156	-9.2504557E8
-1845164243	-9.2258214E8
-1844866841	-9.224334E8
-1840781301	-9.2039066E8
-1840611756	-9.2030586E8
-1837650889	-9.188255E8
-1831462598	-9.157313E8
-1829354885	-9.1467744E8
-1827176447	-9.135882E8
-1826687363	-9.133437E8
-1824795215	-9.1239763E8
-1823305441	-9.1165274E8
-1822315418	-9.111577E8
-1815181584	-9.075908E8
-1813798022	-9.06899E8
-1812345282	-9.061727E8
-1803317043	-9.016585E8
-1802990874	-9.014954E8
-1802560472	-9.0128026E8
-1800258924	-9.001295E8
-1789284402	-8.946422E8
-1788724267	-8.943621E8
-1788643116	-8.9432154E8
-1783773587	-8.918868E8
-1769830397	-8.849152E8
-1769046807	-8.845234E8
-1758594263	-8.7929715E8
-1758405752	-8.792029E8
-1758092210	-8.790461E8
-1757635199	-8.788176E8
-1754599037	-8.772995E8
-1748799349	-8.743997E8
-1748276473	-8.7413824E8
-1747216056	-8.73608E8
-1740067475	-8.700337E8
-1737263789	-8.686319E8
-1736982798	-8.684914E8
-1736598147	-8.682991E8
-1735123368	-8.6756166E8
-1731033124	-8.6551654E8
-1727666396	-8.638332E8
-1715360906	-8.5768045E8
-1712315749	-8.561579E8
-1704590106	-8.5229504E8
-1702097080	-8.510485E8
-1701176448	-8.505882E8
-1698951928	-8.49476E8
-1695292107	-8.476461E8
-1685865319	-8.429327E8
-1679626262	-8.398131E8
-1679175182	-8.395876E8
-1677941301	-8.389706E8
-1669327331	-8.346637E8
-1659371776	-8.296859E8
-1658245541	-8.2912275E8
-1657382630	-8.286913E8
-1655053340	-8.2752666E8
-1653983886	-8.2699194E8
-1653467288	-8.2673363E8
-1641329449	-8.206647E8
-1636885477	-8.1844275E8
-1630011479	-8.1500576E8
-1629314791	-8.146574E8
-1628985850	-8.144929E8
-1628628187	-8.143141E8
-1626364207	-8.131821E8
-1625413344	-8.127067E8
-1624164534	-8.1208224E8
-1622858428	-8.114292E8
-1621343149	-8.1067155E8
-1616744380	-8.0837216E8
-1616429122	-8.082146E8
-1610028866	-8.0501446E8
-1606723952	-8.03362E8
-1605118197	-8.025591E8
-1602583143	-8.012916E8
-1599337175	-7.996686E8
-1592453977	-7.96227E8
-1592195516	-7.960977E8
-1588486497	-7.9424326E8
-1583852335	-7.9192614E8
-1578109046	-7.890545E8
-1577933794	-7.889669E8
-1577899068	-7.889495E8
-1573308526	-7.866543E8
-1573145324	-7.865727E8
-1572199592	-7.860998E8
-1568151843	-7.840759E8
-1553832768	-7.7691635E8
-1544250864	-7.7212544E8
-1544021970	-7.72011E8
-1541218591	-7.706093E8
-1540589307	-7.7029466E8
-1536012756	-7.680064E8
-1533019988	-7.6651E8
-1531734809	-7.658674E8
-1528491334	-7.642457E8
-1527510003	-7.63755E8
-1526037557	-7.6301875E8
-1522725411	-7.613627E8
-1518704125	-7.5935206E8
-1516646243	-7.5832314E8
-1507854978	-7.539275E8
-1494817026	-7.474085E8
-1484877341	-7.4243866E8
-1483834188	-7.419171E8
-1478056960	-7.390285E8
-1470256029	-7.35128E8
-1468673497	-7.343368E8
-1467902773	-7.3395136E8
-1467741675	-7.3387085E8
-1466144410	-7.330722E8
-1465759160	-7.3287955E8
-1453826596	-7.269133E8
-1452074304	-7.260371E8
-1451050369	-7.255252E8
-1447729479	-7.2386477E8
-1438688494	-7.1934426E8
-1437485808	-7.187429E8
-1436607058	-7.1830355E8
-1431281505	-7.1564077E8
-1422820944	-7.114105E8
-1420058750	-7.100294E8
-1417499018	-7.087495E8
-1416949701	-7.084749E8
-1413529031	-7.0676454E8
-1401075873	-7.005379E8
-1400984333	-7.0049216E8
-1400530847	-7.002654E8
-1393115171	-6.965576E8
-1388872794	-6.944364E8
-1388255649	-6.941278E8
-1387428178	-6.937141E8
-1384133573	-6.920668E8
-1381118537	-6.905593E8
-1371672465	-6.858362E8
-1366781134	-6.833906E8
-1365718585	-6.8285926E8
-1363094109	-6.815471E8
-1362712975	-6.813565E8
-1362428710	-6.8121434E8
-1358594950	-6.792975E8
-1357592267	-6.7879616E8
-1351549965	-6.75775E8
-1347627993	-6.73814E8
-1337855330	-6.689277E8
-1337497127	-6.6874854E8
-1335602329	-6.6780115E8
-1332422106	-6.662111E8
-1324452887	-6.622264E8
-1318023910	-6.59012E8
-1313835413	-6.569177E8
-1312650611	-6.563253E8
-1309736829	-6.548684E8
-1309301614	-6.546508E8
-1309297930	-6.5464896E8
-1307808633	-6.539043E8
-1307559791	-6.537799E8
-1305561723	-6.5278086E8
-1305141686	-6.525708E8
-1300505581	-6.502528E8
-1298383082	-6.4919155E8
-1296240183	-6.4812006E8
-1290939060	-6.454695E8
-1288259091	-6.4412954E8
-1287702391	-6.438512E8
-1287509567	-6.4375475E8
-1272386806	-6.361934E8
-1271096506	-6.355482E8
-1268117672	-6.340588E8
-1266978206	-6.334891E8
-1264676497	-6.3233824E8
-1262176746	-6.310884E8
-1256241307	-6.2812064E8
-1251354495	-6.2567725E8
-1251119069	-6.2555955E8
-1246690607	-6.233453E8
-1243475974	-6.21738E8
-1241646791	-6.208234E8
-1239286319	-6.1964314E8
-1232291147	-6.161456E8
-1230626190	-6.153131E8
-1221669007	-6.108345E8
-1219663609	-6.098318E8
-1212139959	-6.0606995E8
-1208274907	-6.041375E8
-1197020291	-5.9851014E8
-1196737632	-5.9836883E8
-1193565325	-5.9678266E8
-1188629291	-5.943146E8
-1186809147	-5.9340454E8
-1180438648	-5.902193E8
-1177193501	-5.8859674E8
-1167261620	-5.836308E8
-1164034441	-5.820172E8
-1161367116	-5.806836E8
-1159119783	-5.795599E8
-1157543661	-5.7877184E8
-1155980287	-5.7799014E8
-1152560287	-5.762801E8
-1151267786	-5.756339E8
-1135069496	-5.675347E8
-1133613454	-5.668067E8
-1131658406	-5.658292E8
-1128195415	-5.640977E8
-1120971993	-5.60486E8
-1119897796	-5.599489E8
-1116008218	-5.580041E8
-1114139325	-5.5706963E8
-1101960607	-5.509803E8
-1101297286	-5.5064864E8
-1095039202	-5.475196E8
-1087658739	-5.438294E8
-1081781715	-5.408909E8
-1078654725	-5.3932736E8
-1073741824	-5.368709E8
-1071132581	-5.355663E8
-1068720514	-5.3436026E8
-1066790304	-5.3339514E8
-1063176874	-5.3158845E8
-1062349292	-5.3117466E8
-1062340670	-5.3117034E8
-1051613307	-5.2580666E8
-1047202891	-5.2360144E8
-1042756007	-5.2137802E8
-1039564131	-5.1978208E8
-1038620086	-5.1931005E8
-1036614077	-5.1830704E8
-1036323418	-5.181617E8
-1036265511	-5.1813277E8
-1033995050	-5.1699754E8
-1028280173	-5.141401E8
-1026028940	-5.1301446E8
-1015906922	-5.0795347E8
-1012181012	-5.060905E8
-1011977317	-5.0598867E8
-1010238439	-5.0511923E8
-1003583610	-5.017918E8
-1002367447	-5.011837E8
-1001854087	-5.0092704E8
-1001811786	-5.009059E8
-1000267731	-5.0013386E8
-994333109	-4.9716656E8
-994075477	-4.9703773E8
-993886863	-4.9694342E8
-986837833	-4.934189E8
-984154857	-4.9207744E8
-977844488	-4.8892224E8
-977525307	-4.8876266E8
-974012842	-4.8700643E8
-970423883	-4.8521194E8
-964948386	-4.824742E8
-962192134	-4.8109606E8
-958798231	-4.793991E8
-952301951	-4.7615098E8
-952118966	-4.760595E8
-951650260	-4.7582512E8
-949742132	-4.7487107E8
-947062835	-4.7353142E8
-944335137	-4.7216758E8
-942943793	-4.714719E8
-934890070	-4.6744502E8
-932036370	-4.6601818E8
-929266245	-4.6463312E8
-929111885	-4.6455594E8
-929104093	-4.6455203E8
-920541984	-4.6027098E8
-914773006	-4.573865E8
-911069261	-4.5553462E8
-910988005	-4.55494E8
-907623089	-4.5381155E8
-906248677	-4.5312435E8
-901988629	-4.509943E8
-901410814	-4.507054E8
-900600096	-4.5030003E8
-898159076	-4.4907955E8
-896309580	-4.4815478E8
-889620220	-4.448101E8
-888059429	-4.4402973E8
-885946976	-4.429735E8
-882013514	-4.4100675E8
-881218797	-4.406094E8
-878367253	-4.391836E8
-873363324	-4.3668166E8
-868066491	-4.3403325E8
-861527559	-4.3076378E8
-859469167	-4.297346E8
-858598297	-4.2929914E8
-857980660	-4.2899034E8
-855000194	-4.275001E8
-853411416	-4.267057E8
-852749361	-4.263747E8
-847781653	-4.238908E8
-846937919	-4.2346896E8
-846772151	-4.2338608E8
-842658706	-4.2132934E8
-842353037	-4.211765E8
-837821648	-4.1891082E8
-834421082	-4.1721053E8
-828886247	-4.1444314E8
-818976523	-4.0948826E8
-817330849	-4.0866544E8
-812345323	-4.0617267E8
-811234160	-4.056171E8
-807999974	-4.04E8
-794875059	-3.9743754E8
-793568004	-3.96784E8
-789658195	-3.948291E8
-787829355	-3.939147E8
-781014063	-3.9050704E8
-778630999	-3.893155E8
-777951031	-3.8897552E8
-777369273	-3.8868464E8
-775506342	-3.8775318E8
-775098835	-3.875494E8
-773473040	-3.867365E8
-771301422	-3.8565072E8
-768737340	-3.8436867E8
-767176614	-3.8358832E8
-763979772	-3.819899E8
-757629068	-3.7881453E8
-756811667	-3.7840582E8
-755567295	-3.7778365E8
-749491316	-3.7474566E8
-748736481	-3.7436826E8
-748086370	-3.740432E8
-746766278	-3.7338314E8
-743849420	-3.719247E8
-735193261	-3.6759664E8
-731021545	-3.655108E8
-730243638	-3.6512182E8
-721402755	-3.6070138E8
-721256116	-3.6062806E8
-720729638	-3.6036483E8
-710931856	-3.5546592E8
-705712955	-3.5285648E8
-704464127	-3.5223206E8
-703608352	-3.5180416E8
-702203450	-3.5110173E8
-696592314	-3.4829616E8
-696022017	-3.48011E8
-694143871	-3.4707194E8
-692747606	-3.463738E8
-687834117	-3.4391706E8
-686116356	-3.4305818E8
-671675236	-3.3583763E8
-666607456	-3.3330374E8
-655540258	-3.2777014E8
-655279176	-3.2763958E8
-653636793	-3.268184E8
-647269606	-3.236348E8
-646400522	-3.2320026E8
-637992879	-3.1899645E8
-634377088	-3.1718854E8
-634314444	-3.1715722E8
-623219975	-3.1161E8
-618908193	-3.094541E8
-618143014	-3.0907152E8
-616460952	-3.0823046E8
-601505553	-3.0075277E8
-600445247	-3.0022262E8
-600265641	-3.0013283E8
-595051105	-2.9752557E8
-593987918	-2.9699395E8
-589418520	-2.9470925E8
-587560598	-2.937803E8
-587356065	-2.9367805E8
-585397838	-2.926989E8
-580604188	-2.9030208E8
-579568643	-2.8978432E8
-577439777	-2.887199E8
-566815333	-2.8340768E8
-566444213	-2.832221E8
-564866688	-2.8243334E8
-559408369	-2.797042E8
-555298180	-2.776491E8
-555189839	-2.775949E8
-554167823	-2.770839E8
-548861426	-2.7443072E8
-547418704	-2.7370934E8
-544020081	-2.7201005E8
-541305035	-2.706525E8
-541021245	-2.7051062E8
-539639108	-2.6981955E8
-539602930	-2.6980147E8
-537553226	-2.687766E8
-535762354	-2.6788118E8
-528042332	-2.6402117E8
-516617864	-2.5830893E8
-515091418	-2.5754571E8
-513835378	-2.569177E8
-512578912	-2.5628946E8
-511546062	-2.5577302E8
-506385521	-2.5319277E8
-505745562	-2.5287278E8
-505331508	-2.5266576E8
-502014615	-2.5100731E8
-497802355	-2.4890118E8
-496523140	-2.4826157E8
-493814095	-2.4690704E8
-493602115	-2.4680106E8
-492170605	-2.460853E8
-488941213	-2.4447061E8
-488215721	-2.4410786E8
-483002886	-2.4150144E8
-471443223	-2.3572162E8
-467569836	-2.3378491E8
-466181410	-2.330907E8
-464742653	-2.3237133E8
-454310593	-2.271553E8
-448018368	-2.2400918E8
-445210501	-2.2260525E8
-443161136	-2.2158058E8
-437359361	-2.1867968E8
-435709057	-2.1785453E8
-431035049	-2.1551752E8
-430616935	-2.1530846E8
-426824188	-2.134121E8
-426659048	-2.1332952E8
-425512231	-2.1275611E8
-424643024	-2.123215E8
-418465292	-2.0923264E8
-413569785	-2.067849E8
-411619785	-2.0580989E8
-411276276	-2.0563814E8
-407215639	-2.0360782E8
-405368089	-2.0268405E8
-397689878	-1.9884494E8
-394622281	-1.9731114E8
-384973690	-1.9248685E8
-384904098	-1.9245205E8
-377491968	-1.8874598E8
-370260854	-1.8513043E8
-367844804	-1.839224E8
-361288084	-1.8064405E8
-359919911	-1.7995995E8
-351533605	-1.757668E8
-348459158	-1.7422958E8
-319968208	-1.599841E8
-315004365	-1.5750218E8
-297378720	-1.4868936E8
-296220621	-1.481103E8
-286602846	-1.4330142E8
-286297470	-1.4314874E8
-284859588	-1.424298E8
-281184570	-1.4059229E8
-280808327	-1.4040416E8
-272919925	-1.3645997E8
-265552284	-1.3277614E8
-263422628	-1.3171131E8
-259074066	-1.2953703E8
-257948727	-1.2897436E8
-256292770	-1.2814638E8
-251161491	-1.25580744E8
-246615312	-1.23307656E8
-242538906	-1.2126946E8
-238990652	-1.1949533E8
-238088394	-1.190442E8
-237072835	-1.1853642E8
-232358053	-1.1617902E8
-229938663	-1.1496933E8
-229608672	-1.1480434E8
-225370781	-1.1268539E8
-218477404	-1.092387E8
-202311416	-1.0115571E8
-199512995	-9.97565E7
-199269458	-9.963473E7
-198987329	-9.949366E7
-190915593	-9.54578E7
-190003001	-9.50015E7
-189795026	-9.489751E7
-189427009	-9.47135E7
-186019847	-9.300992E7
-172371353	-8.618568E7
-170739554	-8.536978E7
-169339936	-8.466997E7
-165261020	-8.263051E7
-161088990	-8.05445E7
-159367657	-7.968383E7
-157192319	-7.859616E7
-157053481	-7.8526744E7
-156810823	-7.840541E7
-152447348	-7.622367E7
-151583373	-7.579169E7
-146143381	-7.307169E7
-139634126	-6.9817064E7
-136303796	-6.8151896E7
-128755684	-6.437784E7
-125987778	-6.299389E7
-123206932	-6.1603464E7
-120070946	-6.003547E7
-119457491	-5.9728744E7
-112614484	-5.630724E7
-107143698	-5.357185E7
-105540697	-5.2770348E7
-104007780	-5.200389E7
-103956460	-5.197823E7
-100184404	-5.00922E7
-99703213	-4.985161E7
-97764270	-4.8882136E7
-94673615	-4.733681E7
-93533852	-4.676693E7
-88643042	-4.432152E7
-84078620	-4.203931E7
-79824291	-3.9912144E7
-79401441	-3.970072E7
-77910596	-3.8955296E7
-74481003	-3.72405E7
-66500352	-3.3250176E7
-56605776	-2.8302888E7
-56329555	-2.8164778E7
-51278153	-2.5639076E7
-49014887	-2.4507444E7
-45795798	-2.28979E7
-43322610	-2.1661304E7
-40244504	-2.0122252E7
-39702539	-1.985127E7
-21154731	-1.0577366E7
-20000000	-1.0E7
-19999999	-1.0E7
-19999998	-9999999.0
-15098685	-7549342.5
-10000002	-5000001.0
-10000001	-5000000.5
-10000000	-5000000.0
-9999999	-4999999.5
-9999998	-4999999.0
-8388610	-4194305.0
-8388609	-4194304.5
-8388608	-4194304.0
-8388607	-4194303.5
-8388606	-4194303.0
-4194306	-2097153.0
-4194305	-2097152.5
-4194304	-2097152.0
-4194303	-2097151.5
-4194302	-2097151.0
-2663213	-1331606.5
-2097154	-1048577.0
-2097153	-1048576.5
-2097152	-1048576.0
-2097151	-1048575.5
-2097150	-1048575.0
-1048578	-524289.0
-1048577	-524288.5
-1048576	-524288.0
-1048575	-524287.5
-1048574	-524287.0
-524290	-262145.0
-524289	-262144.5
-524288	-262144.0
-524287	-262143.5
-524286	-262143.0
-262146	-131073.0
-262145	-131072.5
-262144	-131072.0
-262143	-131071.5
-262142	-131071.0
-131074	-65537.0
-131073	-65536.5
-131072	-65536.0
-131071	-65535.5
-131070	-65535.0
-65538	-32769.0
-65537	-32768.5
-65536	-32768.0
-65535	-32767.5
-65534	-32767.0
-32770	-16385.0
-32769	-16384.5
-32768	-16384.0
-32767	-16383.5
-32766	-16383.0
-16386	-8193.0
-16385	-8192.5
-16384	-8192.0
-16383	-8191.5
-16382	-8191.0
-8194	-4097.0
-8193	-4096.5
-8192	-4096.0
-8191	-4095.5
-8190	-4095.0
-4098	-2049.0
-4097	-2048.5
-4096	-2048.0
-4095	-2047.5
-4094	-2047.0
-2050	-1025.0
-2049	-1024.5
-2048	-1024.0
-2047	-1023.5
-2046	-1023.0
-1026	-513.0
-1025	-512.5
-1024	-512.0
-1023	-511.5
-1022	-511.0
-514	-257.0
-513	-256.5
-512	-256.0
-511	-255.5
-510	-255.0
-258	-129.0
-257	-128.5
-256	-128.0
-255	-127.5
-254	-127.0
-130	-65.0
-129	-64.5
-128	-64.0
-127	-63.5
-126	-63.0
-66	-33.0
-65	-32.5
-64	-32.0
-63	-31.5
-62	-31.0
-34	-17.0
-33	-16.5
-32	-16.0
-31	-15.5
-30	-15.0
-18	-9.0
-17	-8.5
-16	-8.0
-15	-7.5
-14	-7.0
-10	-5.0
-9	-4.5
-8	-4.0
-7	-3.5
-6	-3.0
-5	-2.5
-4	-2.0
-3	-1.5
-2	-1.0
-1	-0.5
0	0.0
1	0.5
2	1.0
3	1.5
4	2.0
5	2.5
6	3.0
7	3.5
8	4.0
9	4.5
10	5.0
14	7.0
15	7.5
16	8.0
17	8.5
18	9.0
30	15.0
31	15.5
32	16.0
33	16.5
34	17.0
62	31.0
63	31.5
64	32.0
65	32.5
66	33.0
126	63.0
127	63.5
128	64.0
129	64.5
130	65.0
254	127.0
255	127.5
256	128.0
257	128.5
258	129.0
510	255.0
511	255.5
512	256.0
513	256.5
514	257.0
1022	511.0
1023	511.5
1024	512.0
1025	512.5
1026	513.0
2046	1023.0
2047	1023.5
2048	1024.0
2049	1024.5
2050	1025.0
4094	2047.0
4095	2047.5
4096	2048.0
4097	2048.5
4098	2049.0
8190	4095.0
8191	4095.5
8192	4096.0
8193	4096.5
8194	4097.0
16382	8191.0
16383	8191.5
16384	8192.0
16385	8192.5
16386	8193.0
32766	16383.0
32767	16383.5
32768	16384.0
32769	16384.5
32770	16385.0
65534	32767.0
65535	32767.5
65536	32768.0
65537	32768.5
65538	32769.0
131070	65535.0
131071	65535.5
131072	65536.0
131073	65536.5
131074	65537.0
262142	131071.0
262143	131071.5
262144	131072.0
262145	131072.5
262146	131073.0
524286	262143.0
524287	262143.5
524288	262144.0
524289	262144.5
524290	262145.0
1048574	524287.0
1048575	524287.5
1048576	524288.0
1048577	524288.5
1048578	524289.0
2097150	1048575.0
2097151	1048575.5
2097152	1048576.0
2097153	1048576.5
2097154	1048577.0
4194302	2097151.0
4194303	2097151.5
4194304	2097152.0
4194305	2097152.5
4194306	2097153.0
6708801	3354400.5
7671096	3835548.0
8388606	4194303.0
8388607	4194303.5
8388608	4194304.0
8388609	4194304.5
8388610	4194305.0
9999998	4999999.0
9999999	4999999.5
10000000	5000000.0
10000001	5000000.5
10000002	5000001.0
18257702	9128851.0
19999998	9999999.0
19999999	1.0E7
20000000	1.0E7
22394787	1.1197394E7
23523397	1.1761698E7
25590443	1.2795222E7
29832133	1.4916066E7
36852036	1.8426018E7
39627519	1.981376E7
52773038	2.638652E7
59602838	2.980142E7
60356046	3.0178024E7
62373873	3.1186936E7
63796864	3.1898432E7
63956210	3.1978104E7
72633554	3.6316776E7
74047433	3.7023716E7
77309349	3.8654676E7
78757705	3.9378852E7
79848840	3.992442E7
89512185	4.4756092E7
90850195	4.5425096E7
95051620	4.752581E7
104760394	5.2380196E7
112963374	5.648169E7
115719688	5.7859844E7
118121039	5.906052E7
118341331	5.9170664E7
121008731	6.0504364E7
127743490	6.3871744E7
128963627	6.4481812E7
132026957	6.601348E7
132618557	6.630928E7
134270802	6.71354E7
135480107	6.7740056E7
148725119	7.436256E7
150610512	7.5305256E7
155598160	7.779908E7
161302502	8.065125E7
161677032	8.083851E7
165058770	8.2529384E7
169472517	8.473626E7
171277604	8.56388E7
175896522	8.7948264E7
183441405	9.17207E7
187389889	9.369494E7
195367216	9.768361E7
199633777	9.981689E7
205549424	1.0277471E8
208015562	1.04007784E8
210330546	1.0516527E8
210528340	1.0526417E8
211059624	1.0552981E8
219861853	1.0993093E8
226739277	1.1336964E8
227896631	1.1394831E8
238204736	1.1910237E8
246424048	1.23212024E8
246706555	1.2335328E8
246730140	1.2336507E8
248858896	1.2442945E8
252812523	1.26406264E8
253244901	1.2662245E8
256229791	1.281149E8
260971811	1.304859E8
266375562	1.33187784E8
267157231	1.33578616E8
270930322	1.3546517E8
277094975	1.3854749E8
281880111	1.4094005E8
283872321	1.4193616E8
284215954	1.4210798E8
285386588	1.426933E8
287911511	1.4395576E8
291705831	1.4585291E8
296901903	1.4845094E8
297410345	1.4870517E8
298008624	1.4900432E8
299508110	1.4975405E8
301842328	1.5092117E8
316848616	1.584243E8
331899889	1.6594995E8
334920158	1.6746008E8
335945269	1.6797264E8
337709995	1.6885499E8
338060949	1.6903048E8
345511138	1.7275557E8
356301943	1.7815098E8
358447736	1.7922387E8
360488994	1.802445E8
371244138	1.8562206E8
378729621	1.8936482E8
384276587	1.9213829E8
385549353	1.9277467E8
385612526	1.9280626E8
388833627	1.9441682E8
397294435	1.9864722E8
398450979	1.9922549E8
399036550	1.9951827E8
400899460	2.0044973E8
401862406	2.009312E8
403575271	2.0178763E8
404095980	2.0204798E8
414098511	2.0704925E8
418452022	2.0922602E8
424246963	2.1212349E8
427688760	2.1384438E8
431643909	2.1582195E8
432376907	2.1618845E8
433160332	2.1658016E8
435534870	2.1776744E8
442717580	2.2135878E8
444749780	2.223749E8
447059578	2.235298E8
447232974	2.2361648E8
447831825	2.2391592E8
450383851	2.2519192E8
450406288	2.2520314E8
451938607	2.259693E8
457737068	2.2886853E8
458689960	2.2934498E8
459757132	2.2987856E8
474059876	2.3702994E8
476452512	2.3822626E8
478901183	2.394506E8
479033150	2.3951658E8
480472954	2.4023648E8
488109981	2.4405499E8
493635000	2.468175E8
496255295	2.4812765E8
502380216	2.5119011E8
502697411	2.513487E8
502872059	2.5143603E8
508058728	2.5402936E8
509252541	2.5462627E8
511209878	2.5560494E8
511357483	2.5567874E8
511427938	2.5571397E8
518154502	2.5907725E8
524911919	2.6245595E8
526426613	2.6321331E8
527377978	2.63689E8
533142822	2.6657141E8
533885122	2.6694256E8
535298787	2.6764939E8
545337198	2.726686E8
545398201	2.726991E8
545859947	2.7293E8
547506290	2.7375315E8
552102186	2.760511E8
557101208	2.785506E8
568575609	2.842878E8
569880950	2.8494048E8
570635711	2.8531786E8
570857678	2.8542883E8
573403858	2.8670192E8
574380803	2.871904E8
581314491	2.9065725E8
582108133	2.9105408E8
582484799	2.912424E8
591526221	2.957631E8
594196504	2.9709824E8
598892102	2.9944605E8
599319300	2.9965965E8
601826498	3.0091325E8
608416342	3.0420816E8
611939776	3.059699E8
617088466	3.0854422E8
621836101	3.1091805E8
622212317	3.1110614E8
630968878	3.1548445E8
631448101	3.1572406E8
633176459	3.1658822E8
634112720	3.1705635E8
638554547	3.1927728E8
649519772	3.2475987E8
650604258	3.2530214E8
652316670	3.2615834E8
655118929	3.2755946E8
663145175	3.3157258E8
663635348	3.3181766E8
665157026	3.3257853E8
666150360	3.3307517E8
669071717	3.3453587E8
669744912	3.3487245E8
675281163	3.3764058E8
679767508	3.3988374E8
680051854	3.4002592E8
682888559	3.414443E8
686235631	3.4311782E8
687569427	3.437847E8
693140247	3.465701E8
693312919	3.4665645E8
696401723	3.4820086E8
696735451	3.483677E8
698605764	3.4930288E8
700080649	3.5004032E8
705820777	3.529104E8
705903845	3.5295194E8
708267298	3.5413366E8
709108545	3.5455427E8
712033435	3.560167E8
713792759	3.568964E8
717514620	3.587573E8
730598790	3.652994E8
738740641	3.6937034E8
745440376	3.727202E8
746560554	3.732803E8
750213343	3.7510666E8
751966127	3.7598307E8
757118070	3.7855904E8
760243499	3.8012176E8
767172253	3.835861E8
769125132	3.8456256E8
773610898	3.8680544E8
780476765	3.9023837E8
786872984	3.9343648E8
790365194	3.951826E8
795943905	3.9797197E8
807202615	4.036013E8
813877859	4.0693894E8
819364820	4.096824E8
821148695	4.1057434E8
824031224	4.120156E8
828467525	4.1423376E8
831779443	4.1588973E8
833475309	4.1673766E8
837935549	4.1896778E8
839633064	4.1981654E8
859741515	4.2987075E8
863128503	4.3156426E8
865883599	4.329418E8
872863501	4.3643174E8
875336152	4.3766806E8
878430718	4.3921536E8
880073211	4.400366E8
887153669	4.4357683E8
889082004	4.44541E8
891252111	4.4562605E8
902140854	4.5107043E8
902651787	4.513259E8
907421321	4.5371066E8
907732331	4.5386618E8
908816734	4.5440835E8
917577463	4.5878874E8
918033426	4.590167E8
918183629	4.590918E8
918617286	4.5930864E8
918974864	4.5948742E8
919316818	4.596584E8
919639768	4.5981987E8
919668819	4.598344E8
925282294	4.6264115E8
935099081	4.6754954E8
941232807	4.7061642E8
942590747	4.7129536E8
944377889	4.7218896E8
944787969	4.72394E8
950884147	4.7544208E8
957066486	4.7853325E8
958789932	4.7939498E8
970714909	4.8535744E8
976839380	4.8841968E8
978364753	4.8918237E8
980577228	4.902886E8
981245243	4.9062262E8
988132163	4.9406608E8
988160299	4.9408016E8
989522636	4.947613E8
991411480	4.9570573E8
993811959	4.96906E8
996865140	4.9843258E8
1011084629	5.055423E8
1022251186	5.111256E8
1024957530	5.1247875E8
1043194726	5.2159738E8
1043817218	5.219086E8
1049593912	5.2479696E8
1052344673	5.2617235E8
1059953884	5.2997693E8
1065919148	5.3295958E8
1067051569	5.335258E8
1070838308	5.3541917E8
1073741824	5.368709E8
1076006480	5.3800326E8
1081910339	5.409552E8
1083777251	5.4188864E8
1086725764	5.433629E8
1089079220	5.445396E8
1091616710	5.458084E8
1092095554	5.460478E8
1094745656	5.473728E8
1096060451	5.480302E8
1097095100	5.485475E8
1106585946	5.53293E8
1112068258	5.560341E8
1119237009	5.596185E8
1120367449	5.6018374E8
1125729978	5.6286496E8
1128357448	5.6417875E8
1131355306	5.6567763E8
1139808354	5.699042E8
1140088316	5.7004416E8
1140103356	5.7005165E8
1156008691	5.7800435E8
1157378874	5.786894E8
1157620293	5.788102E8
1158487010	5.792435E8
1160195436	5.800977E8
1162825012	5.814125E8
1163701421	5.818507E8
1168574774	5.8428736E8
1171042233	5.855211E8
1177434865	5.8871744E8
1180299983	5.9015E8
1189595832	5.947979E8
1190311441	5.951557E8
1191984177	5.9599206E8
1197020021	5.9851E8
1206278224	6.0313914E8
1206437016	6.032185E8
1214964355	6.074822E8
1223150584	6.115753E8
1228335912	6.1416794E8
1229116847	6.145584E8
1232322572	6.161613E8
1233561139	6.1678054E8
1233784697	6.1689235E8
1234293636	6.171468E8
1237109703	6.185549E8
1242081058	6.210405E8
1243697007	6.218485E8
1252480115	6.2624006E8
1257557191	6.287786E8
1258255369	6.291277E8
1264239096	6.3211955E8
1266642906	6.333215E8
1268256017	6.34128E8
1273569982	6.3678496E8
1275743660	6.378718E8
1276141043	6.380705E8
1279431079	6.397155E8
1279617927	6.3980896E8
1280802499	6.404013E8
1281368994	6.406845E8
1282396776	6.411984E8
1284503938	6.4225197E8
1284663668	6.4233184E8
1287826586	6.439133E8
1298874429	6.494372E8
1299728967	6.498645E8
1302918294	6.5145914E8
1303517528	6.517588E8
1303948780	6.519744E8
1310370868	6.551854E8
1311107313	6.5555366E8
1313417864	6.567089E8
1316193653	6.5809683E8
1317821773	6.589109E8
1319351704	6.5967584E8
1321339231	6.6066963E8
1325706494	6.6285325E8
1329523054	6.6476154E8
1332762014	6.66381E8
1339111834	6.695559E8
1342885674	6.714428E8
1353699103	6.7684954E8
1353717845	6.7685894E8
1357234061	6.78617E8
1366452969	6.832265E8
1367942217	6.8397114E8
1375856897	6.8792845E8
1376367558	6.881838E8
1376503245	6.8825165E8
1377678523	6.8883923E8
1389590230	6.9479514E8
1390649581	6.953248E8
1391851580	6.9592576E8
1401389024	7.006945E8
1406511280	7.032556E8
1412447777	7.062239E8
1414145969	7.0707296E8
1418303709	7.091519E8
1421818773	7.109094E8
1422214388	7.111072E8
1423469410	7.117347E8
1424248701	7.1212435E8
1426205651	7.1310285E8
1429496861	7.147484E8
1430085461	7.1504275E8
1435637668	7.178188E8
1439726719	7.1986336E8
1446646185	7.233231E8
1447943796	7.239719E8
1448457454	7.2422874E8
1450641666	7.253208E8
1454550345	7.272752E8
1455849746	7.2792486E8
1456733128	7.283666E8
1456736273	7.283681E8
1461711612	7.308558E8
1462803978	7.31402E8
1463789981	7.31895E8
1473023310	7.365117E8
1484521336	7.422607E8
1493608411	7.468042E8
1501153791	7.505769E8
1501818729	7.509094E8
1507529765	7.5376486E8
1511129850	7.555649E8
1513051626	7.565258E8
1517098310	7.585492E8
1518946126	7.594731E8
1522850818	7.614254E8
1525759656	7.628798E8
1529845669	7.649228E8
1535217078	7.676085E8
1535860052	7.6793005E8
1538937109	7.6946854E8
1542832610	7.714163E8
1542881700	7.7144083E8
1543727495	7.7186374E8
1543781264	7.718906E8
1546585249	7.732926E8
1547060452	7.7353024E8
1549675002	7.748375E8
1553554622	7.767773E8
1558288883	7.7914445E8
1560027968	7.8001395E8
1564408278	7.8220416E8
1566417908	7.8320896E8
1575890565	7.879453E8
1576872229	7.884361E8
1579112123	7.8955603E8
1581351637	7.9067584E8
1581837293	7.9091866E8
1582921539	7.914608E8
1584065289	7.9203264E8
1584860119	7.924301E8
1585278523	7.926392E8
1586498191	7.932491E8
1588570542	7.9428525E8
1601850695	8.009254E8
1602812431	8.014062E8
1605069573	8.025348E8
1609499993	8.0475E8
1620353240	8.1017664E8
1623659830	8.118299E8
1630314181	8.151571E8
1635269462	8.1763475E8
1635799335	8.1789965E8
1636509473	8.182547E8
1638558215	8.192791E8
1640413340	8.2020666E8
1641268890	8.2063443E8
1646076669	8.2303834E8
1653565532	8.267828E8
1664406640	8.322033E8
1672364133	8.361821E8
1673576384	8.367882E8
1674281010	8.371405E8
1674748716	8.3737434E8
1675573414	8.377867E8
1680860223	8.404301E8
1696092074	8.48046E8
1696436828	8.4821843E8
1704180548	8.520903E8
1707875364	8.5393766E8
1708587320	8.542936E8
1712718158	8.563591E8
1713236791	8.566184E8
1721251636	8.606258E8
1722231396	8.611157E8
1729682318	8.6484115E8
1737075289	8.6853766E8
1737582005	8.68791E8
1743104650	8.715523E8
1745849390	8.729247E8
1750104907	8.750525E8
1751972129	8.7598605E8
1757724856	8.788624E8
1759292616	8.7964634E8
1760905957	8.80453E8
1762319505	8.8115974E8
1763857521	8.8192877E8
1766409891	8.832049E8
1767174541	8.8358726E8
1769036207	8.845181E8
1770470925	8.8523546E8
1773169671	8.865848E8
1774971050	8.874855E8
1778428766	8.892144E8
1779121167	8.895606E8
1783128360	8.9156416E8
1790843809	8.954219E8
1797770726	8.988854E8
1801422844	9.007114E8
1806958800	9.034794E8
1808752010	9.04376E8
1810256732	9.051284E8
1816278223	9.0813914E8
1817780357	9.088902E8
1818528569	9.0926426E8
1825009495	9.1250477E8
1826378213	9.131891E8
1827117088	9.135585E8
1828871060	9.144355E8
1843860032	9.2193E8
1860066967	9.300335E8
1866696938	9.333485E8
1867752816	9.338764E8
1871989877	9.3599494E8
1873983574	9.369918E8
1879502012	9.39751E8
1881012085	9.4050605E8
1881537174	9.407686E8
1881952522	9.4097626E8
1883818695	9.419094E8
1884183410	9.420917E8
1904941075	9.524705E8
1906578520	9.532893E8
1914121402	9.570607E8
1914583482	9.572917E8
1916537355	9.582687E8
1920959004	9.604795E8
1927108844	9.635544E8
1929650106	9.64825E8
1929787534	9.6489376E8
1930251808	9.651259E8
1930665637	9.653328E8
1931211734	9.656059E8
1940816648	9.704083E8
1945357076	9.726785E8
1945531624	9.727658E8
1945550453	9.7277523E8
1947109186	9.735546E8
1947393813	9.736969E8
1949161580	9.745808E8
1949466976	9.747335E8
1951405580	9.757028E8
1952334110	9.7616704E8
1958142105	9.7907104E8
1958260617	9.791303E8
1960473424	9.8023674E8
1961608814	9.808044E8
1963149958	9.81575E8
1967451325	9.8372563E8
1978255869	9.8912794E8
1978365602	9.891828E8
1978405077	9.8920256E8
1980061521	9.900308E8
1980950333	9.9047514E8
1984710450	9.923552E8
1988853111	9.9442656E8
1990591486	9.9529574E8
2000216465	1.0001082E9
2000759989	1.00037997E9
2001946045	1.000973E9
2007906144	1.0039531E9
2008395617	1.0041978E9
2010707425	1.0053537E9
2011156183	1.0055781E9
2011723439	1.0058617E9
2013247663	1.0066238E9
2018029167	1.0090146E9
2020036785	1.01001837E9
2021256544	1.0106283E9
2030786701	1.01539334E9
2031035114	1.0155176E9
2033639277	1.01681965E9
2035698831	1.0178494E9
2045521652	1.0227608E9
2051658824	1.02582944E9
2055649587	1.0278248E9
2062511424	1.0312557E9
2074432703	1.0372163E9
2084337923	1.04216896E9
2085990352	1.0429952E9
2087575955	1.04378797E9
2089327511	1.04466374E9
2096097707	1.04804883E9
2104291972	1.052146E9
2107163160	1.0535816E9
2108278802	1.0541394E9
2117458677	1.05872934E9
2121180757	1.0605904E9
2124441647	1.0622208E9
2125291558	1.06264576E9
2127536345	1.0637682E9
2129171908	1.064586E9
2129709762	1.0648549E9
2130368638	1.0651843E9
2138569993	1.069285E9
2140825236	1.0704126E9
2143792293	1.0718961E9
2145075996	1.072538E9
2147483647	1.0737418E9
